Time (s),x1,y1,x2,y2
0.0,0.7071067811865476,-0.7071067811865476,1.7071067811865475,-0.7071067811865477
0.01001001001001001,0.7069429644013705,-0.7072705600287648,1.7069429107094698,-0.7075982547014331
0.02002002002002002,0.706451643587071,-0.7077613123597009,1.706450783893557,-0.7090725660686782
0.03003003003003003,0.7056335452540667,-0.7085769540509887,1.7056291887689523,-0.7115287249177576
0.04004004004004004,0.7044894339647734,-0.7097144759915731,1.7044756437615431,-0.7149661629863097
0.050050050050050046,0.7030200318618627,-0.7111700463327639,1.7029862909156848,-0.719384713331762
0.06006006006006006,0.7012264118652987,-0.7129386504479319,1.7011562561079236,-0.7247837588442192
0.07007007007007007,0.6991100235040159,-0.7150141082777418,1.6989796340988743,-0.7311622291865669
0.08008008008008008,0.6966727244063043,-0.7173890960059941,1.6964494715844012,-0.7385185967569242
0.09009009009009009,0.6939168171547206,-0.7200551721013202,1.6935577479426684,-0.7468508712600498
0.10010010010010009,0.6908450911577565,-0.7230028077561187,1.690295353334181,-0.7561565923888918
0.11011011011011011,0.6874608691391683,-0.7262214217457506,1.68665206378037,-0.7664328200239547
0.12012012012012012,0.6837680577972635,-0.7296994197175698,1.6826165128241155,-0.7776761212556138
0.13013013013013014,0.6797712021410146,-0.7334242379003846,1.678176159364503,-0.7898825534222305
0.14014014014014015,0.6754755429681326,-0.7373823912000519,1.673317251259888,-0.8030476422343027
0.15015015015015015,0.6708870769126815,-0.7415595256158186,1.6680247843099831,-0.817166353921554
0.16016016016016016,0.6660126184569707,-0.7459404748745637,1.662282456261269,-0.8322330601956507
0.17017017017017017,0.6608598632748438,-0.7505093211362234,1.656072615532919,-0.8482414946662684
0.18018018018018017,0.6554374522515783,-0.7552494595734313,1.6493762044350402,-0.8651846991828602
0.19019019019019018,0.6497550355099195,-0.7601436665719864,1.6421726967500332,-0.8830549583994788
0.20020020020020018,0.6438221125040428,-0.7651752004938684,1.6344390564241864,-0.901842937792453
0.21021021021021022,0.6376420125857344,-0.7703328266311997,1.6261451732869643,-0.9215330292887308
0.22022022022022023,0.631229749944286,-0.7755959017331604,1.6172681534576452,-0.9421139692118157
0.23023023023023023,0.6246032951529787,-0.7809422025246433,1.6077846657032684,-0.9635740524382166
0.24024024024024024,0.6177810180024158,-0.7863501852202356,1.597668820715903,-0.985899412463374
0.2502502502502503,0.610781706530802,-0.7917990319312858,1.5868921830001965,-1.0090738296568649
0.2602602602602603,0.6036245791123963,-0.7972686921555256,1.5754238002944043,-1.0330785174598223
0.2702702702702703,0.5963292899931217,-0.8027399192118823,1.563230253539672,-1.0578918870521337
0.2802802802802803,0.5889159286856958,-0.8081943014772279,1.550275730505568,-1.0834892913423833
0.2902902902902903,0.5814050136559491,-0.813614288281447,1.5365221262480524,-1.1098427494963063
0.3003003003003003,0.5738174807471406,-0.818983210321802,1.5219291736135874,-1.1369206536183103
0.3103103103103103,0.5661746667999564,-0.8242852944666418,1.5064546070038611,-1.1646874596332895
0.3203203203203203,0.5584982889324424,-0.8295056728314365,1.4900543625733222,-1.1931033648796499
0.3303303303303303,0.5508104199462837,-0.8346303860264127,1.4726828179398437,-1.222123975415454
0.34034034034034033,0.5431334603236164,-0.8396463804941308,1.4542930743407458,-1.251699966553221
0.35035035035035034,0.5354901072718798,-0.844541499876679,1.4348372839555186,-1.2817767406695135
0.36036036036036034,0.5279033212631723,-0.8493044703752076,1.4142670248365263,-1.3122940868761908
0.37037037037037035,0.5203962904991719,-0.8539248800888176,1.3925337255337116,-1.3431858476831824
0.38038038038038036,0.5129923937130481,-0.8583931523448665,1.3695891410634595,-1.3743795983186877
0.39039039039039036,0.505715161696018,-0.8627005130581356,1.3453858813506159,-1.4057963448914594
0.40040040040040037,0.4985932729053439,-0.8668360561337636,1.319879446247511,-1.437352507673051
0.41041041041041043,0.4916636818393469,-0.8707851766998433,1.2930278165330829,-1.4689620097739433
0.42042042042042044,0.4849237790970851,-0.8745564181150358,1.264779417569108,-1.5005158282554967
0.43043043043043044,0.4783617204476752,-0.8781628917292852,1.23508723969069,-1.5318956265119255
0.44044044044044045,0.47196042052185605,-0.8816197374496744,1.2039117923955693,-1.5629766110571761
0.45045045045045046,0.46569749363519103,-0.8849439781262435,1.1712226225754254,-1.5936288816157038
0.46046046046046046,0.4595452017066653,-0.8881543827445656,1.136999732503949,-1.6237190357168467
0.47047047047047047,0.4534704064348801,-0.89127133381916,1.1012348508900187,-1.6531120156547559
0.4804804804804805,0.4474345226886751,-0.8943166932951422,1.0639325099843209,-1.6816731765099675
0.4904904904904905,0.4413934699044174,-0.8973136601689167,1.0251108830264726,-1.7092705442570413
0.5005005005005005,0.43529761816612883,-0.9002866119291651,0.9848023394053904,-1.735777223088717
0.5105105105105106,0.4290917255912425,-0.9032609207915119,0.9430536798963081,-1.7610739012988703
0.5205205205205206,0.4227148636757546,-0.9062627345464384,0.8999260212879228,-1.7850513957445981
0.5305305305305306,0.4161003273980812,-0.909318710650567,0.8554943086023352,-1.8076131664285573
0.5405405405405406,0.40917552718101796,-0.9124556909549834,0.8098464438357421,-1.828677725478855
0.5505505505505506,0.4018618603167298,-0.9157003031684423,0.7630820325205618,-1.848180859101398
0.5605605605605606,0.3940745602338849,-0.919078473785819,0.7153107631574198,-1.8660775772337945
0.5705705705705706,0.3857225231058008,-0.922614835762408,0.6666504493405881,-1.8823437038608006
0.5805805805805806,0.37670811285603556,-0.9263320126760407,0.6172247797946426,-1.8969770213814598
0.5905905905905906,0.36692694772239465,-0.9302497594921092,0.567160837104525,-1.9099978850544421
0.6006006006006006,0.35629566013358477,-0.9343732672599174,0.5165779771377327,-1.9214444799167256
0.6106106106106106,0.34481256742928357,-0.9386715577574649,0.4655738117498957,-1.931353139066465
0.6206206206206206,0.3324325212006191,-0.9431270427933873,0.4142618994138671,-1.9397733957497572
0.6306306306306306,0.319111780862919,-0.9477170840047658,0.36275033257269346,-1.9467644686691137
0.6406406406406406,0.3048130559931168,-0.9524122011482933,0.31113910848226056,-1.9523921914780522
0.6506506506506506,0.28950582658145363,-0.9571762514685523,0.2595195688572129,-1.9567265625323302
0.6606606606606606,0.27316670731051546,-0.9619667094120935,0.2079742195840004,-1.9598394164965334
0.6706706706706707,0.2557798494375057,-0.9667350560633078,0.15657690030254556,-1.9618022773518629
0.6806806806806807,0.23733737122862933,-0.971427286119905,0.10539326413219732,-1.962684443775034
0.6906906906906907,0.2178398053505082,-0.9759845384046064,0.05448152025599126,-1.9625513484539707
0.7007007007007007,0.19729654925285967,-0.9803438537844331,0.0038933865166713433,-1.961463222996783
0.7107107107107107,0.17572630247874677,-0.9844390619114766,-0.04632480440076023,-1.959474089966154
0.7207207207207207,0.153157473119896,-0.988201795397847,-0.09613090328435375,-1.956631093483016
0.7307307307307307,0.12962853440474822,-0.991562626901638,-0.14548570512565348,-1.9529741700025145
0.7407407407407407,0.10518819647839336,-0.9944523333582274,-0.19435167711105342,-1.9485361159109016
0.7507507507507507,0.07988125919555142,-0.9968043862410183,-0.24268710352316167,-1.9433505559406101
0.7607607607607607,0.05374420641471222,-0.9985547357440416,-0.29044924228873215,-1.9374534895346884
0.7707707707707707,0.02682138448119585,-0.9996402419543302,-0.33760034983108184,-1.930874261715653
0.7807807807807807,-0.0008361300377542449,-0.9999996504432189,-0.38410568545593843,-1.9236361849574983
0.7907907907907907,-0.02917054087398143,-0.9995744492258289,-0.4299326568297766,-1.915756596189321
0.8008008008008007,-0.05811742251492837,-0.9983097541345678,-0.475050091897851,-1.9072471277754752
0.8108108108108109,-0.08760589714799585,-0.9961552121958178,-0.5194276638623612,-1.8981141701266564
0.8208208208208209,-0.11755890324709517,-0.9930659113409039,-0.5630354899445881,-1.8883595004525153
0.8308308308308309,-0.14789355927578088,-0.9890032836774311,-0.6058439184416272,-1.8779810497322815
0.8408408408408409,-0.178521624035228,-0.9839359886455138,-0.6478235121978311,-1.8669737781919271
0.8508508508508509,-0.20935005299885998,-0.9778407617344321,-0.6889452301696022,-1.8553306283622835
0.8608608608608609,-0.2402816475844537,-0.9707032140845627,-0.7291808023838416,-1.8430435240762792
0.8708708708708709,-0.2712157917648062,-0.962518568287069,-0.7685032873783941,-1.8301043834698474
0.8808808808808809,-0.3020492677643543,-0.9532923160515967,-0.8068877952600619,-1.816506114108582
0.8908908908908909,-0.33267992259743534,-0.9430398025007027,-0.8443113410871632,-1.8022448371776352
0.9009009009009009,-0.3630117507533628,-0.9317845613740219,-0.8807530917519341,-1.78732176326591
0.9109109109109109,-0.39293730005118227,-0.9195652658884453,-0.9162012448244992,-1.771735931952625
0.9209209209209209,-0.4223531988345513,-0.9064313407171124,-0.950646838117978,-1.7554930762185261
0.9309309309309309,-0.45116255455646814,-0.8924417904637153,-0.9840840171011799,-1.7386064994649861
0.9409409409409409,-0.47927555583159936,-0.8776644812126736,-1.016510886047477,-1.7210968732678027
0.950950950950951,-0.5066099793517145,-0.8621753469110883,-1.047930219332905,-1.7029918535204116
0.960960960960961,-0.5330915927766539,-0.8460575356976914,-1.0783500223108757,-1.6843255387980567
0.970970970970971,-0.5586544470650577,-0.8294005116796316,-1.1077839346595455,-1.6651377944750179
0.980980980980981,-0.5832410540696387,-0.8122991276911091,-1.1362514722609678,-1.645473465613162
0.990990990990991,-0.6068024475323457,-0.7948526842558656,-1.1637781065137722,-1.625381500915592
1.001001001001001,-0.6292981278215506,-0.7771639893357716,-1.1903951824891488,-1.6049140091142953
1.011011011011011,-0.6506997508134275,-0.7593351264700873,-1.2161370718062254,-1.5841263946273632
1.021021021021021,-0.6710020641121797,-0.741455480765497,-1.241030480286013,-1.5630804589364087
1.031031031031031,-0.6902040399291703,-0.7236148031000003,-1.2651047258758563,-1.5418380008266537
1.0410410410410411,-0.7083114470498916,-0.7059000594829898,-1.288390878482328,-1.5204599733193027
1.0510510510510511,-0.7253367621093246,-0.6883942050400781,-1.310920725306751,-1.4990059629402428
1.0610610610610611,-0.7412984387944387,-0.6711755542635085,-1.3327260632134192,-1.4775336416379212
1.0710710710710711,-0.7562201673685653,-0.6543172460397624,-1.353838000040208,-1.4560983421457059
1.0810810810810811,-0.7701301383172591,-0.6378868003458289,-1.3742862827273328,-1.4347527571864722
1.0910910910910911,-0.7830603227550086,-0.6219457620458732,-1.3940986685212753,-1.4135467600260578
1.1011011011011012,-0.7950457809112033,-0.6065494260613021,-1.4133003536933626,-1.392527341294262
1.1111111111111112,-0.8061240085831538,-0.591746637325323,-1.4319134722241238,-1.3717386547177748
1.1211211211211212,-0.8163343299498813,-0.5775796583548267,-1.4499566747674921,-1.3512221624533494
1.1311311311311312,-0.8257170019891332,-0.5640845970473557,-1.4674452274975083,-1.3310167221965583
1.1411411411411412,-0.834309430309578,-0.5512964488335721,-1.4843949023335519,-1.311157540786152
1.1511511511511512,-0.8421465079975377,-0.5392487914381944,-1.5008216949764392,-1.291676195284113
1.1611611611611612,-0.8492619831972469,-0.527971669595897,-1.5167400097246073,-1.272601164111888
1.1711711711711712,-0.8556882376637365,-0.5174916810190564,-1.5321624448863473,-1.2539580054104302
1.1811811811811812,-0.861456073999011,-0.507832090922,-1.547099623435698,-1.2357695354293294
1.1911911911911912,-0.8665945288267606,-0.4990129483365384,-1.5615600529009352,-1.21805600709471
1.2012012012012012,-0.8711307117328084,-0.4910512020918904,-1.5755500143165535,-1.2008352862663878
1.2112112112112112,-0.8750896696646429,-0.48396081457719925,-1.5890734799012292,-1.1841230234402929
1.2212212212212212,-0.8784942763742926,-0.4777528716581494,-1.6021320589791876,-1.167932818908626
1.2312312312312312,-0.8813651464020347,-0.47243568737736147,-1.6147249715384717,-1.1522763796544966
1.2412412412412412,-0.8837205730312473,-0.46801490232825277,-1.626849048714441,-1.1371636665270468
1.2512512512512513,-0.8855764895942299,-0.46449357485110704,-1.638498759397851,-1.1226030305146484
1.2612612612612613,-0.8869464534719791,-0.4618722644557459,-1.6496662620913927,-1.1086013372053518
1.2712712712712713,-0.8878416521046525,-0.4601491071251593,-1.6603414810738923,-1.095164078793147
1.2812812812812813,-0.8882709303107149,-0.45931988239672045,-1.6705122058748727,-1.082295473253826
1.2912912912912913,-0.8882408381985784,-0.4593780723503103,-1.6801642130111922,-1.0699985505734044
1.3013013013013013,-0.8877556989420831,-0.4603149128540739,-1.6892814088896837,-1.0582752261634059
1.3113113113113113,-0.8868176956777777,-0.46211943762706686,-1.697845992732761,-1.04712636183916
1.3213213213213213,-0.8854269767652637,-0.46477851587215735,-1.705838638335944,-1.036551814967905
1.3313313313313313,-0.8835817786297501,-0.4682768844108018,-1.7132386934153603,-1.0265504766112774
1.3413413413413413,-0.8812759146874998,-0.4726021182683279,-1.7200266799771633,-1.0171176402931863
1.3513513513513513,-0.878499680922672,-0.4777429336146829,-1.7261831145672162,-1.0082453335381854
1.3613613613613613,-0.8752509948093381,-0.48366899433937677,-1.731679605716504,-0.9999344632791676
1.3713713713713713,-0.8715269064585138,-0.4903476841169466,-1.7364876568864687,-0.9921872005154755
1.3813813813813813,-0.8673234161143095,-0.49774500686576895,-1.7405794795457767,-0.9850065872106362
1.3913913913913913,-0.8626357350511491,-0.5058256504100636,-1.7439283899833948,-0.9783965512942311
1.4014014014014013,-0.8574585451263249,-0.5145530520654272,-1.7465091902298007,-0.9723619100412134
1.4114114114114114,-0.8517862557980175,-0.5238894677635678,-1.7482985296404505,-0.966908364482286
1.4214214214214214,-0.8456132574059865,-0.5337960461629861,-1.7492752436927788,-0.962042487526145
1.4314314314314314,-0.8389341694963557,-0.5442329090118126,-1.7494206665625,-0.9577717084735098
1.4414414414414414,-0.8317440829562459,-0.5551592388380774,-1.7487189140782784,-0.9541042965699913
1.4514514514514514,-0.8240387947113164,-0.5665333748427546,-1.74715713370668,-0.9510493461761191
1.4614614614614614,-0.8158150337322829,-0.5783129176634343,-1.7447257182919365,-0.9486167660243656
1.4714714714714714,-0.8070706770977094,-0.5904548434631094,-1.741418480366839,-0.9468172748811139
1.4814814814814814,-0.7978049548721255,-0.6029156275810784,-1.7372327839610606,-0.9456624057326033
1.4914914914914914,-0.7880186425828407,-0.6156513777633387,-1.732169630959691,-0.9451645203646875
1.5015015015015014,-0.7777142401174321,-0.6286179767701248,-1.7262336992057574,-0.9453368359035692
1.5115115115115114,-0.7668961359181838,-0.641771233940692,-1.7194333296936608,-0.9461934645256793
1.5215215215215214,-0.7555707554207616,-0.6550670450823334,-1.71178046036325,-0.9477494671267724
1.5315315315315314,-0.7437466927727739,-0.6684615598443646,-1.703290504174269,-0.9500209212605539
1.5415415415415414,-0.7314348249738187,-0.6819113555408204,-1.6939821693159236,-0.9530250031131275
1.5515515515515514,-0.7186484077019364,-0.6953736162002923,-1.683877219584629,-0.9567800826687509
1.5615615615615615,-0.7054029143478919,-0.7088065521914289,-1.673000049710794,-0.9613056286996524
1.5715715715715715,-0.6917015739643181,-0.722183448007004,-1.6613688890914862,-0.9666119610206643
1.5815815815815815,-0.6775438701859617,-0.7354823614291702,-1.6489979418816856,-0.9727100718379662
1.5915915915915915,-0.6629353276000364,-0.7486766668060602,-1.635904048163685,-0.9796136036627194
1.6016016016016015,-0.6478833679158649,-0.7617395497005496,-1.622104622374549,-0.9873342024761593
1.6116116116116117,-0.6323973769619828,-0.7746441490204413,-1.6076173369439708,-0.9958816450574602
1.6216216216216217,-0.6164887632676427,-0.7873637055165373,-1.5924598046135818,-1.0052639727355643
1.6316316316316317,-0.600171007410157,-0.7998717158796635,-1.5766492604803757,-1.0154876273540578
1.6416416416416417,-0.583459701375337,-0.8121420915523357,-1.5602022448163195,-1.0265575850047453
1.6516516516516517,-0.5663725772584437,-0.824149321257761,-1.5431342877723067,-1.038477482902545
1.6616616616616617,-0.5489295247275169,-0.8358686361399273,-1.5254595971815819,-1.0512497346440872
1.6716716716716717,-0.5311525967792902,-0.8472761763053513,-1.5071907508385667,-1.064875629017347
1.6816816816816818,-0.5130660034395487,-0.8583491574613265,-1.4883383948453046,-1.0793554075125371
1.6916916916916918,-0.49469609319385355,-0.8690660362588899,-1.4689109498897803,-1.0946883157282168
1.7017017017017018,-0.4760713220798653,-0.8794066728727552,-1.44891432764686,-1.1108726239743731
1.7117117117117118,-0.45722221052763184,-0.8893524892865741,-1.4283516598707429,-1.1279056125496034
1.7217217217217218,-0.43818128819742086,-0.8988866217013405,-1.4072230431731179,-1.1457835174161735
1.7317317317317318,-0.41898302723400827,-0.9079940654485723,-1.3855253029475059,-1.1645014323185574
1.7417417417417418,-0.39966376452953933,-0.9166618107688773,-1.3632517803996311,-1.1840531637920066
1.7517517517517518,-0.38026161376169915,-0.9248789678111122,-1.3403921471664049,-1.2044310359916128
1.7617617617617618,-0.3608163681473012,-0.9326368792177324,-1.316932252540738,-1.225625642842818
1.7717717717717718,-0.3413693950206783,-0.939929218687884,-1.292854008852645,-1.2476255456744654
1.7817817817817818,-0.32196352350847707,-0.9467520739507288,-1.2681353210739197,-1.2704169152476776
1.7917917917917918,-0.3026429267245125,-0.9531040126364075,-1.2427500671972544,-1.2939831179393937
1.8018018018018018,-0.2834530000471094,-0.9589861295995336,-1.2166681363726357,-1.3183042467783492
1.8118118118118118,-0.26444060881902814,-0.9644019724199147,-1.1898560761167278,-1.3433560763509582
1.8218218218218218,-0.24566741416283122,-0.9693541775937977,-1.1622951077598709,-1.369096183556358
1.8318318318318318,-0.2272019221438057,-0.9738476711345364,-1.1339668222683117,-1.3954842633584497
1.8418418418418419,-0.2091104870564942,-0.9778920207277467,-1.104844279822591,-1.4224828129140705
1.8518518518518519,-0.1914596262947222,-0.9815004898109249,-1.0748965595802826,-1.4500505777492414
1.8618618618618619,-0.1743158376318458,-0.9846897931585906,-1.0440890038463098,-1.478141553043249
1.8718718718718719,-0.15774543735897514,-0.9874798109290264,-1.012383565670759,-1.5067039144101062
1.8818818818818819,-0.14181442194937824,-0.9898932617849077,-0.9797392718680109,-1.5356788844325153
1.8918918918918919,-0.12658835541194216,-0.9919553358262154,-0.9461128132881254,-1.5649995426224694
1.901901901901902,-0.11213228392368618,-0.9936932881438104,-0.9114592738406913,-1.5945895880077887
1.911911911911912,-0.09851067869278217,-0.9951359938136533,-0.8757330092479145,-1.624362065179461
1.921921921921922,-0.08578740730102459,-0.9963134651045162,-0.8388886857587547,-1.654218066384468
1.931931931931932,-0.0740257330094387,-0.9972563315679752,-0.8008824880562038,-1.6840454241159617
1.941941941941942,-0.06328834068329034,-0.9979952835227007,-0.7616735042973918,-1.7137174106388775
1.951951951951952,-0.05363574802137536,-0.9985605672838216,-0.7212247374668169,-1.7430905808972517
1.961961961961962,-0.045111885578151614,-0.9989819406673895,-0.6794953260914177,-1.7720004724003302
1.971971971971972,-0.037784995947428325,-0.9992858920655554,-0.6364493463133027,-1.8002858893196163
1.981981981981982,-0.031712335603712595,-0.9994970373995901,-0.59205532159585,-1.8277577077500633
1.991991991991992,-0.026928209495728706,-0.9996373700164246,-0.5462887962533368,-1.8541925647948503
2.002002002002002,-0.02344406445396543,-0.9997251501497191,-0.49913785508854913,-1.879336096848145
2.012012012012012,-0.021248584833761675,-0.9997742233337297,-0.4506084176734673,-1.9029077317054766
2.022022022022022,-0.020307774362583596,-0.9997937758860266,-0.4007290589930298,-1.9246070793154924
2.032032032032032,-0.020565015384235906,-0.9997885177087433,-0.349555088261744,-1.9441218973729655
2.042042042042042,-0.021941104052638605,-0.9997592649998055,-0.29717161013557897,-1.9611375300554124
2.052052052052052,-0.024322151574186972,-0.9997041727145097,-0.24369929155981382,-1.9753443063968663
2.062062062062062,-0.027497007983528117,-0.9996218857907992,-0.18930965151542054,-1.986443383526444
2.0720720720720722,-0.031213897905280306,-0.9995127275715696,-0.13421515124637623,-1.9941939537994318
2.0820820820820822,-0.035211905817371554,-0.9993798685628547,-0.07865808226935725,-1.9984356376527002
2.0920920920920922,-0.03922107076310044,-0.9992305577834356,-0.02290015694604001,-1.9990973627990716
2.1021021021021022,-0.042962443346918816,-0.9990766879782866,0.032789238335791934,-1.9962034014516754
2.1121121121121122,-0.046148118558353005,-0.998934608046755,0.08814560407073739,-1.9898761785050847
2.1221221221221223,-0.04850772572074036,-0.9988228073814701,0.14292816897572058,-1.9803279261769684
2.1321321321321323,-0.04986246306725909,-0.9987560937370376,0.1969445840538918,-1.9678207363132374
2.1421421421421423,-0.05007128722406001,-0.9987456463963814,0.2500380532333215,-1.9526504549439825
2.1521521521521523,-0.0490273107488492,-0.9987974383230744,0.30208719486596597,-1.935129966833573
2.1621621621621623,-0.04665800879788727,-0.9989109220621307,0.3530051031079004,-1.9155730173741283
2.1721721721721723,-0.04292521102873301,-0.9990782883528891,0.40273619930704596,-1.8942798898581168
2.1821821821821823,-0.037825163477909235,-0.9992843724425342,0.451251352077811,-1.8715252577098296
2.1921921921921923,-0.031379265588835636,-0.9995075495918504,0.4985408253465453,-1.8475551291668633
2.2022022022022023,-0.023613896721432437,-0.9997211530630076,0.5446042562345325,-1.8225991091727285
2.2122122122122123,-0.014570790665313488,-0.9998938403947629,0.5894512765766378,-1.7968614321353304
2.2222222222222223,-0.004296117225668821,-0.9999907716458104,0.6331009431335647,-1.7705262915573896
2.2322322322322323,0.007159674613122766,-0.9999743692012482,0.6755792997631072,-1.7437587497271867
2.2422422422422423,0.01974167955281565,-0.999805114053951,0.7169171064572831,-1.7167056818599566
2.2522522522522523,0.03339038024456433,-0.9994423857867563,0.7571477511237663,-1.6894969257312633
2.2622622622622623,0.04804152326012959,-0.9988453394008736,0.7963053567158612,-1.6622466022442097
2.2722722722722724,0.06362603642617366,-0.9979738110234633,0.8344230928719877,-1.6350545733875994
2.2822822822822824,0.08007654523264239,-0.9967887172834595,0.8715360507147907,-1.6080103229077645
2.2922922922922924,0.09732935060139779,-0.9952522280866847,0.9076796170022368,-1.581197998396608
2.3023023023023024,0.11531653880020928,-0.9933287954545261,0.9428859713343927,-1.5546921664853137
2.3123123123123124,0.13397078785812605,-0.9909852814248419,0.9771879224986539,-1.5285584056122568
2.3223223223223224,0.15322544789317558,-0.9881912578635452,1.0106180152121236,-1.5028542403153855
2.3323323323323324,0.17301463952939436,-0.9849192527859905,1.043207765565341,-1.477630043615446
2.3423423423423424,0.193273373935168,-0.9811449449126856,1.0749870218702027,-1.452929899150412
2.3523523523523524,0.21393769078779673,-0.9768473086723355,1.1059834413283236,-1.428792414788762
2.3623623623623624,0.23494481031246314,-0.9720087119502792,1.136222072418972,-1.405251480856807
2.3723723723723724,0.25623329548500934,-0.9666149689948381,1.1657250326488362,-1.3823369674874901
2.3823823823823824,0.27774322051667155,-0.960655351027114,1.1945112712778434,-1.3600753569151034
2.3923923923923924,0.2994163418448499,-0.9541225572410748,1.2225964068056512,-1.3384903077860062
2.4024024024024024,0.3211962680268745,-0.9470126490209136,1.2499926293428798,-1.3176031497169627
2.4124124124124124,0.34302428395020346,-0.9393265356735379,1.2767061702255291,-1.2974300615446888
2.4224224224224224,0.3648456116103394,-0.931068031718777,1.3027428927988718,-1.2779811187292833
2.4324324324324325,0.38662083935499686,-0.9222387579018991,1.328114492145844,-1.259269471271686
2.4424424424424425,0.4083112351724568,-0.9128427768416326,1.3528282422397706,-1.241305291233464
2.4524524524524525,0.4298785088404426,-0.9028867413120637,1.3768867879744442,-1.2240958931923562
2.4624624624624625,0.451284964336628,-0.8923798972207343,1.4002882652033153,-1.207646030739912
2.4724724724724725,0.472493652406688,-0.8813340731160846,1.423026493464195,-1.1919581514988526
2.4824824824824825,0.4934685219828023,-0.8697636562952654,1.4450912361630233,-1.1770326099112622
2.4924924924924925,0.5141745691376334,-0.8576855556974998,1.4664685229100494,-1.1628678382902147
2.5025025025025025,0.5345779822631629,-0.8451191518830025,1.4871410286566196,-1.1494604777748654
2.5125125125125125,0.5546462821803743,-0.832086234511477,1.507088504251735,-1.1368054718690297
2.5225225225225225,0.5743484559144346,-0.8186109278458874,1.5262882530083939,-1.1248961261639123
2.5325325325325325,0.5936550829104075,-0.8047196049150519,1.5447156478271225,-1.113724138636321
2.5425425425425425,0.6125384525160879,-0.790440791071157,1.5623446833580554,-1.1032796055647796
2.5525525525525525,0.6309726716206336,-0.7758050577741292,1.579148557586962,-1.093551008609019
2.5625625625625625,0.6489337614094107,-0.7608449075225738,1.5951002771019058,-1.084525188945961
2.5725725725725725,0.6663997422759169,-0.7455946509294387,1.6101732801365274,-1.0761873145414231
2.5825825825825826,0.683350706019679,-0.7300902770085398,1.6243420712975971,-1.0685208466567313
2.5925925925925926,0.6997688745534141,-0.7143693177945483,1.637582861676079,-1.0615075115403387
2.6026026026026026,0.7156386444421918,-0.6984707084630981,1.6498742078230495,-1.055127282935589
2.6126126126126126,0.7309466167004466,-0.682434644148559,1.6611976428575268,-1.049358380548508
2.6226226226226226,0.7456816113780157,-0.6663024346741395,1.6715382927775335,-1.0441772889683512
2.6326326326326326,0.759834666572479,-0.6501163584118537,1.6808854708848577,-1.0395588007258882
2.6426426426426426,0.7733893598681302,-0.6339313038829711,1.6892258785911463,-1.03548263431696
2.6526526526526526,0.7863163101015508,-0.6178241339315597,1.6965425048522473,-1.0319355614358814
2.6626626626626626,0.7985994504336018,-0.601862872893111,1.7028337286820097,-1.0288996043818448
2.6726726726726726,0.8102280215892195,-0.5861147950970179,1.7081052451862333,-1.0263607392529157
2.6826826826826826,0.8211960402780738,-0.5706461805984616,1.7123695885362582,-1.024308727967007
2.6926926926926926,0.8315018999645303,-0.555521908078679,1.7156456781647722,-1.0227368259374747
2.7027027027027026,0.8411479433499124,-0.5408050826297888,1.7179582653114909,-1.0216414989936422
2.7127127127127126,0.8501400128080957,-0.526556700292239,1.7193372972295347,-1.021022149797456
2.7227227227227226,0.8584869850692024,-0.512835350250732,1.7198172159081848,-1.0208808535699379
2.7327327327327327,0.8662002963877107,-0.4996969547013892,1.7194362075290832,-1.0212221026460995
2.7427427427427427,0.8732934642742072,-0.48719454559339437,1.7182354180700863,-1.0220525591966334
2.7527527527527527,0.8797816116291572,-0.47537807673387994,1.7162581495268436,-1.023380815364537
2.7627627627627627,0.8856809988078742,-0.464294269134012,1.7135490501623472,-1.025217160043759
2.7727727727727727,0.8910085687837885,-0.45398648697275634,1.710153311046358,-1.0275733515570042
2.7827827827827827,0.8957815101770463,-0.444494641165594,1.7061158799373692,-1.0304623955558339
2.7927927927927927,0.9000168424912549,-0.43585511724892206,1.7014807023164182,-1.0338983275557951
2.8028028028028027,0.9037310274653568,-0.42810072412507133,1.6962899981300483,-1.0378959996224506
2.8128128128128127,0.9069414068652646,-0.4212567916523776,1.690581789655234,-1.042471529453076
2.8228228228228227,0.9096696924500398,-0.41533245796331636,1.6843850295821312,-1.0476426242680419
2.8328328328328327,0.9119323065415702,-0.4103406734480164,1.6777286790983894,-1.0534238063156243
2.8428428428428427,0.9137427626795818,-0.40629319911941125,1.6706396234327232,-1.059827545716466
2.8528528528528527,0.9151118984002999,-0.403199967021575,1.6631422775381135,-1.0668644544600236
2.8628628628628627,0.9160477929648967,-0.4010691224765897,1.655258512853597,-1.0745433325259643
2.8728728728728727,0.9165556981741476,-0.3999070543820162,1.647007595658513,-1.0828712009237582
2.8828828828828827,0.9166379822144224,-0.3997184128381782,1.6384061369888316,-1.091853320752484
2.8928928928928928,0.9162940865442422,-0.40050611351645177,1.6294680541490867,-1.1014931975135565
2.9029029029029028,0.9155204959017647,-0.4022713283143443,1.6202045439237618,-1.1117925700424067
2.9129129129129128,0.9143107215900673,-0.4050134619805253,1.6106240676669654,-1.1227513835613723
2.9229229229229228,0.9126552982772149,-0.4087301145334508,1.6007323485270255,-1.1343677464955202
2.932932932932933,0.9105417946300404,-0.41341702944110237,1.5905323811412972,-1.1466378708361602
2.942942942942943,0.9079548381824452,-0.41906802767699886,1.5800244542139896,-1.1595559959838528
2.952952952952953,0.9048761549189271,-0.42567492791934286,1.5692061864641476,-1.173114296154069
2.962962962962963,0.9012846241299882,-0.4332274533162296,1.558072576499896,-1.1873027715847324
2.972972972972973,0.8971563491660394,-0.44171312540048385,1.5466160672365068,-1.202109123945866
2.982982982982983,0.8924668690938917,-0.4511129432522928,1.5348225678113492,-1.217519595314504
2.992992992992993,0.8871965206969943,-0.4613917355817589,1.5226626364644873,-1.2335204914971019
3.003003003003003,0.8813062572745658,-0.4725455331380214,1.5101376697698103,-1.2500872070431797
3.013013013013013,0.8747525978006534,-0.48456980161892904,1.4972489549396062,-1.2671924982925773
3.023023023023023,0.8674906401192537,-0.4974535046670065,1.4839919596101923,-1.2848073787705963
3.033033033033033,0.8594743138367368,-0.5111789352612943,1.470356301960353,-1.3029006013701219
3.043043043043043,0.85065670738391,-0.5257215671653247,1.4563258237765737,-1.321438175920056
3.053053053053053,0.8409904695323812,-0.5410499331445343,1.441878769604875,-1.3403829368645037
3.063063063063063,0.8304282844202185,-0.557125537410459,1.4269880728151996,-1.3596941755157212
3.073073073073073,0.818923417803696,-0.5739028103892793,1.4116217471484938,-1.3793273508596362
3.083083083083083,0.8064303308110182,-0.5913291144092533,1.3957433801104915,-1.399233892167967
3.093093093093093,0.7929053559421468,-0.6093448092158146,1.3793127224111015,-1.4193611056882653
3.103103103103103,0.7783074284548473,-0.6278833863162829,1.3622863655173383,-1.439652196426257
3.113113113113113,0.7625988646267687,-0.6468716809924232,1.3446184972878226,-1.4600464144889158
3.123123123123123,0.7457461767204586,-0.6662301703666823,1.326261723590517,-1.4804793336098245
3.133133133133133,0.7277209128440026,-0.6858733651407463,1.3071679417822162,-1.5008832673227241
3.143143143143143,0.7085005083431115,-0.7057103015243242,1.2872892499663235,-1.521187825782485
3.153153153153153,0.6880691339360552,-0.7256451384282038,1.2665788740716248,-1.5413206134599564
3.163163163163163,0.6664185245711706,-0.7455778632097282,1.2449920930452927,-1.5612080648716824
3.173173173173173,0.6435487720115243,-0.7654051071442228,1.222487140873291,-1.580776412170146
3.183183183183183,0.6194690634976926,-0.7850210693792185,1.1990260627836775,-1.5999527748482256
3.193193193193193,0.5942076040232107,-0.8043117078104702,1.1745696779017627,-1.618670267170772
3.203203203203203,0.5678365935856997,-0.823141301955496,1.149062399682696,-1.6368836213213358
3.2132132132132134,0.5404302150488015,-0.8413888415366025,1.1224626621467517,-1.654554403107659
3.2232232232232234,0.5120704308045447,-0.8589434637364952,1.09474149057894,-1.6716515516139219
3.2332332332332334,0.4828475552126684,-0.8757044241210324,1.0658811739207499,-1.688152452893433
3.2432432432432434,0.45285955783982923,-0.8915818643697921,1.035874349911738,-1.7040434032904654
3.2532532532532534,0.4222112467024684,-0.9064974700229159,1.0047228785123505,-1.7193198361067905
3.2632632632632634,0.3910133519039075,-0.9203850056540854,0.9724365343855369,-1.7339863102701325
3.2732732732732734,0.3593815312804181,-0.9331907173641099,0.9390315518420553,-1.7480562606673553
3.2832832832832834,0.3274353204643181,-0.9448735952033104,0.9045290581013624,-1.7615515108959698
3.2932932932932935,0.2952970501103207,-0.9554054909807368,0.8689534329009696,-1.7745015503556727
3.3033033033033035,0.2630907529053308,-0.9647710898113118,0.8323306343442514,-1.786942578844715
3.3133133133133135,0.2309293121653718,-0.9729705302745959,0.7946891973874218,-1.7989092639676107
3.3233233233233235,0.1988992417057248,-0.9800199445158694,0.7560654645468834,-1.810420932066412
3.3333333333333335,0.16709824013369712,-0.9859402507983034,0.7164947154486029,-1.8215020455876285
3.3433433433433435,0.1356207798041669,-0.9907608208267572,0.6760112616256638,-1.8321751819810759
3.3533533533533535,0.10455678854801287,-0.9945189178535148,0.6346480355673013,-1.8424595229866432
3.3633633633633635,0.07399110679948795,-0.9972589012461041,0.592436301316441,-1.8523697597213538
3.3733733733733735,0.04400303877998969,-0.9990313971933649,0.5494056074289538,-1.8619150762620034
3.3833833833833835,0.014665998191521687,-0.9998924484648568,0.5055839836101533,-1.8710982402227585
3.3933933933933935,-0.013952753024924457,-0.999902655603547,0.46099837571082,-1.8799148289924394
3.4034034034034035,-0.041792276018642445,-0.9991263211752464,0.4156753070088173,-1.8883526199760714
3.4134134134134135,-0.0687981076500073,-0.9976306031712229,0.3696417399280679,-1.8963911386063934
3.4234234234234235,-0.09494313103644439,-0.995482697925482,0.32292388923680715,-1.9039909000722508
3.4334334334334335,-0.12017758917717217,-0.9927524097475477,0.2755511934243855,-1.9111198365548627
3.4434434434434436,-0.1444328712679581,-0.989514601053109,0.22755330466904503,-1.9177528705247813
3.4534534534534536,-0.16765042471023872,-0.9858465068632523,0.1789577283748089,-1.9238565218497512
3.4634634634634636,-0.18978157737620652,-0.9818263354018362,0.12979116138533206,-1.9293880825404854
3.4734734734734736,-0.21078725641197055,-0.9775319598531366,0.08008098511152523,-1.9342950789547402
3.4834834834834836,-0.2306376231715848,-0.9730397149026149,0.029856866738116078,-1.9385150489876886
3.4934934934934936,-0.24931164451126359,-0.9684233082237794,-0.020847583329225372,-1.9419756554287
3.5035035035035036,-0.2667966206006174,-0.963752853814758,-0.07199315355755947,-1.9445951496136311
3.5135135135135136,-0.28308768871064305,-0.9590940311045972,-0.12353343147803095,-1.9462831918022567
3.5235235235235236,-0.29818732120956243,-0.9545073710924736,-0.17541332202615897,-1.946942026434836
3.5335335335335336,-0.3121048343343846,-0.9500476684804328,-0.22756774417758377,-1.946468001667096
3.5435435435435436,-0.3248559223051826,-0.9457635168176287,-0.27992056460518905,-1.9447534134774367
3.5535535535535536,-0.3364622291041195,-0.9416969620776564,-0.33238382403953004,-1.9416886453491369
3.5635635635635636,-0.34695096784007357,-0.9378832688105894,-0.384857307259286,-1.9371645652591096
3.5735735735735736,-0.35635459514281953,-0.9343507920051212,-0.43722850111619727,-1.9310751326994824
3.5835835835835836,-0.3647099282798963,-0.9311211887901987,-0.4893732664798051,-1.9233202878166265
3.5935935935935936,-0.37205004710078404,-0.9282126709177722,-0.5411676627965164,-1.9138085475636673
3.6036036036036037,-0.37846397921970654,-0.9256160199743658,-0.5924735200619917,-1.9024475901175888
3.6136136136136137,-0.38405994326258713,-0.9233081608981577,-0.6431400329964103,-1.8891640026796908
3.6236236236236237,-0.3889458657169861,-0.9212606110876901,-0.6930129008488868,-1.873911249121432
3.6336336336336337,-0.3932296098054349,-0.919440304735585,-0.7419381228854107,-1.8566715317577924
3.6436436436436437,-0.3970191959635344,-0.9178103061289238,-0.7897659454975835,-1.8374569723711491
3.6536536536536537,-0.40042300215095544,-0.9163304094858011,-0.8363548459339116,-1.816310091243113
3.6636636636636637,-0.40354993406666195,-0.9149576223600702,-0.881575434905124,-1.7933035795706318
3.6736736736736737,-0.4065095568790124,-0.9136465291161725,-0.9253141606368684,-1.7685393780274579
3.6836836836836837,-0.40941218129099427,-0.9123495305038251,-0.96747670040745,-1.7421470916615565
3.6936936936936937,-0.4123688976115218,-0.9110169549918696,-1.007990932115997,-1.7142817880405659
3.7037037037037037,-0.41549155196320137,-0.9095970372902554,-1.046809387707377,-1.6851212408269924
3.7137137137137137,-0.41888853994622743,-0.9080376595173341,-1.0839118123634914,-1.654860293844544
3.7237237237237237,-0.42260176481337897,-0.9063154794974085,-1.1193085480724128,-1.6236714986126382
3.7337337337337337,-0.426650384160405,-0.9044166350171688,-1.1530177074056516,-1.5917233436426086
3.7437437437437437,-0.431053350994257,-0.9023264423680721,-1.1850680869799417,-1.5591839443549476
3.7537537537537538,-0.43582245755275556,-0.900032658014517,-1.2154997743955045,-1.5262141665253415
3.7637637637637638,-0.4409623711957951,-0.8975255913841018,-1.244362034429555,-1.492965748844011
3.7737737737737738,-0.44647069003568357,-0.8947982582342573,-1.2717111286566645,-1.4595798252711525
3.7837837837837838,-0.45233802068626344,-0.8918465759544258,-1.297608128920599,-1.4261858353444827
3.793793793793794,-0.4585480799407519,-0.8886696002354586,-1.3221167780163798,-1.3929008008805248
3.803803803803804,-0.4650778215254065,-0.8852698006399982,-1.345301442888262,-1.3598289396257104
3.813813813813814,-0.471897588287979,-0.8816533707574588,-1.3672251969512876,-1.327061580341927
3.823823823823824,-0.478971289237313,-0.8778305668443918,-1.3879480590999675,-1.2946773394720024
3.833833833833834,-0.48625659972958285,-0.8738160671556825,-1.4075254078275794,-1.2627425167906963
3.843843843843844,-0.49371754129925205,-0.869622325733086,-1.4260122383474065,-1.231321921884215
3.853853853853854,-0.5013293567540601,-0.8652565377138507,-1.4434668084288025,-1.2004833596595632
3.863863863863864,-0.5090566577397778,-0.8607330127343825,-1.4599412018701976,-1.170278782748905
3.873873873873874,-0.5168653462751827,-0.8560667110802963,-1.4754857084026018,-1.1407542614134565
3.883883883883884,-0.5247227554556119,-0.8512731817149358,-1.4901487004910452,-1.1119506541831952
3.893893893893894,-0.5325976724165415,-0.8463685481730062,-1.5039765073832476,-1.0839041433555494
3.903903903903904,-0.5404603546429543,-0.8413694818919998,-1.517013326997116,-1.0566467268257174
3.913913913913914,-0.5482825395368828,-0.836293164410057,-1.5293011700701205,-1.0302066671546846
3.923923923923924,-0.5560374472044282,-0.8311572398207109,-1.540879831481472,-1.0046088991714008
3.933933933933934,-0.56369977648037,-0.8259797588294648,-1.551786884144098,-0.9798753977174084
3.943943943943944,-0.5712456942706716,-0.8207791157048395,-1.5620576913406645,-0.9560255073837752
3.953953953953954,-0.5786528183584794,-0.8155739793579665,-1.571725433840717,-0.933076236269345
3.963963963963964,-0.5859001938855626,-0.8103832197206826,-1.5808211485799282,-0.9110425159135926
3.973973973973974,-0.5929682637867506,-0.8052258305231685,-1.5893737761039586,-0.8899374296338107
3.983983983983984,-0.5998388335182275,-0.8001208494993066,-1.5974102143759947,-0.8697724115315226
3.993993993993994,-0.6064950304802151,-0.7950872769720333,-1.6049553769168114,-0.8505574184331128
4.004004004004004,-0.6129212585895146,-0.7901439936929504,-1.6120322535880782,-0.8323010770002732
4.014014014014014,-0.6191031485066911,-0.7853096787313283,-1.6186619726429918,-0.8150108081922762
4.024024024024024,-0.6250275040657115,-0.7806027281283271,-1.6248638629531174,-0.7986929311889494
4.034034034034034,-0.6306822454900605,-0.7760411749537618,-1.6306555155767986,-0.7833527487949623
4.044044044044044,-0.6360579007850491,-0.7716413330355734,-1.636054397133376,-0.7689942042002598
4.054054054054054,-0.6411477692832963,-0.7674174469889599,-1.641078174184122,-0.755619762687752
4.064064064064064,-0.6459439567687228,-0.7633848339559585,-1.6457408667082265,-0.7432319464353065
4.074074074074074,-0.6504394880792224,-0.7595580770074394,-1.6500550763109438,-0.7318330744979766
4.084084084084084,-0.6546282908801109,-0.7559509248485545,-1.6540321028745522,-0.7214252739353658
4.094094094094094,-0.6585051357640145,-0.7525762327979916,-1.657682007379397,-0.7120104932028936
4.104104104104104,-0.6620655785221241,-0.7494459084791678,-1.6610136664440733,-0.7035905092650989
4.114114114114114,-0.6653059051999409,-0.7465708623473644,-1.6640348191591476,-0.6961669297442059
4.124124124124124,-0.6682230805127629,-0.7439609631358581,-1.6667521067984585,-0.6897411912353739
4.134134134134134,-0.6708147001531433,-0.7416249982696433,-1.6691711059841827,-0.6843145547525241
4.1441441441441444,-0.6730789474750016,-0.739570639267098,-1.6712963558590421,-0.6798880991146388
4.1541541541541545,-0.6750145549875739,-0.7378044121275825,-1.6731313797836018,-0.6764627129410162
4.1641641641641645,-0.6766207710375348,-0.7363316726860063,-1.6746787020306733,-0.6740390857940215
4.1741741741741745,-0.6778973319999917,-0.7351565869032889,-1.675939859894382,-0.6726176988881097
4.1841841841841845,-0.6788444402391596,-0.7342821160537564,-1.67691541157027,-0.6721988156729479
4.1941941941941945,-0.6794627480379283,-0.7337100067661247,-1.6776049400965642,-0.6727824724948218
4.2042042042042045,-0.6797533476327071,-0.7334407858730846,-1.6780070535770133,-0.6743684694426397
4.2142142142142145,-0.67971776742638,-0.7334737600247861,-1.6781193818339701,-0.6769563613911111
4.2242242242242245,-0.6793579743883783,-0.733807020022921,-1.6779385695680962,-0.6805454491624923
4.2342342342342345,-0.6786763825872477,-0.7344374498337403,-1.6774602660295659,-0.6851347706379618
4.2442442442442445,-0.677675867738085,-0.7353607402393968,-1.67667911113635,-0.6907230915586331
4.2542542542542545,-0.6763597875853032,-0.7365714070866202,-1.6755887179094289,-0.6973088956628243
4.2642642642642645,-0.674732007880794,-0.7380628140891209,-1.674181651034076,-0.7048903737089252
4.2742742742742745,-0.6727969336591307,-0.739827200134512,-1.6724494013021096,-0.7134654108306211
4.2842842842842845,-0.6705595454554747,-0.7418557110372253,-1.670382355643867,-0.723031571561917
4.2942942942942945,-0.6680254400587433,-0.7441384356652478,-1.6679697624221903,-0.7335860817521773
4.3043043043043046,-0.6652008753428685,-0.7466644463499528,-1.6651996916358205,-0.7451258064651052
4.314314314314315,-0.6620884596452398,-0.7494256945185385,-1.6620546635351736,-0.7576470738404778
4.324324324324325,-0.6586914329164015,-0.7524131818373052,-1.6585159461557568,-0.7711466472317849
4.334334334334335,-0.6550185903725471,-0.7556127621118912,-1.6545682388355751,-0.7856210985775605
4.344344344344345,-0.6510793081149678,-0.7590097064890111,-1.6501945509633509,-0.801065996244723
4.354354354354355,-0.6468835932935458,-0.7625887599011871,-1.6453761613294229,-0.8174758401397957
4.364364364364365,-0.6424421365654979,-0.7663341967869881,-1.6400925808302826,-0.8348439848342258
4.374374374374375,-0.6377663636374329,-0.7702298782913356,-1.6343215161919977,-0.8531625492777933
4.384384384384385,-0.6328684854165976,-0.774259310674726,-1.6280388352552218,-0.8724223118618856
4.394394394394395,-0.6277615463077277,-0.7784057046151002,-1.6212185345237047,-0.892612589542587
4.404404404404405,-0.6224594702065316,-0.7826520350386907,-1.613832709855216,-0.9137210996896294
4.414414414414415,-0.6169771037594342,-0.7869811010669954,-1.605851531369044,-0.9357338032937664
4.424424424424425,-0.6113302564817166,-0.7913755856165886,-1.5972432238579903,-0.9586347281449139
4.434434434434435,-0.6055357373523403,-0.7958181141373684,-1.587974054225052,-0.9824057705895388
4.444444444444445,-0.5996113875332898,-0.8002913119236038,-1.5780083277155206,-1.0070264744916793
4.454454454454455,-0.5935761088937558,-0.8047778593814247,-1.567308394983392,-1.0324737860613962
4.464464464464465,-0.5874498880544287,-0.8092605445867476,-1.5558346723158003,-1.0587217832813727
4.474474474474475,-0.5812538157039271,-0.8137223124196762,-1.5435456776391256,-1.0857413787611532
4.484484484484485,-0.5750101009772024,-0.818146309515717,-1.5303980852435053,-1.1134999949837852
4.494494494494495,-0.5687420807237659,-0.8225159242312585,-1.5163468024860185,-1.1419612110862754
4.504504504504505,-0.5624742235307552,-0.8268148207812158,-1.5013450720634571,-1.171084380538514
4.514514514514515,-0.5562321284010803,-0.8310269666710004,-1.4853446037792057,-1.200824219360541
4.524524524524525,-0.5500374059502996,-0.8351400194311522,-1.468293419782739,-1.2311272579383528
4.534534534534535,-0.5438988217403719,-0.8391508039139539,-1.4501329267914476,-1.2619270412337396
4.544544544544545,-0.5378478606017676,-0.8430419199815046,-1.4308139526598895,-1.2931658567305355
4.554554554554555,-0.5319133861030794,-0.8467987657550974,-1.4102845784901485,-1.3247778954088076
4.564564564564565,-0.5261183092124999,-0.8504113855725242,-1.3884899983393284,-1.3566870711357761
4.574574574574575,-0.5204794171564832,-0.8538742157463519,-1.3653740350724388,-1.3888070008854303
4.584584584584585,-0.5150072171944134,-0.8571858411322869,-1.340880778701731,-1.42104119528193
4.594594594594595,-0.5097057968589962,-0.8603487668662841,-1.3149563250380338,-1.453283490817733
4.604604604604605,-0.5045727010588105,-0.8633692080137073,-1.28755058455293,-1.485418751023803
4.614614614614615,-0.4995988254009098,-0.8662568981878478,-1.2586191238256417,-1.5173238583226951
4.624624624624625,-0.4947683241543117,-0.8690249164514985,-1.2281249950899495,-1.5488690112219088
4.634634634634635,-0.4900585304252312,-0.8716895300262948,-1.1960405035013806,-1.5799193329091636
4.644644644644645,-0.4854398853384081,-0.8742700485105465,-1.1623488571333203,-1.6103367872669958
4.654654654654655,-0.4808758723054604,-0.8767886834548348,-1.1270456417122467,-1.6399823869828323
4.664664664664665,-0.47632295180591894,-0.8792704052695599,-1.0901400610393486,-1.6687186660266002
4.674674674674675,-0.4717299821966868,-0.8817430600218601,-1.0516562276658783,-1.6964120417659836
4.684684684684685,-0.4670222033601949,-0.8842455889449428,-1.011638742990483,-1.7229307651351093
4.694694694694695,-0.4621060748096941,-0.8868246588948558,-0.9701473045406045,-1.7481574104453261
4.704704704704705,-0.4568905813739443,-0.8895229039500777,-0.9272574510673377,-1.7719938711183119
4.714714714714715,-0.4512878074322255,-0.892378459434681,-0.8830597579636458,-1.794361265664541
4.724724724724725,-0.445212881084295,-0.8954247542460625,-0.83765723179366,-1.8152005049572373
4.734734734734735,-0.4385839035306224,-0.8986902467278933,-0.791162583097818,-1.8344724194126762
4.744744744744745,-0.43132187450075016,-0.902198116035031,-0.7436954595793678,-1.8521574537675107
4.754754754754755,-0.42335062434475024,-0.9059659203672675,-0.6953797185420506,-1.8682549475884014
4.764764764764765,-0.41459676314685157,-0.9100052329454779,-0.6463408123890277,-1.8827820293591464
4.774774774774775,-0.4049896568864433,-0.9143212661942196,-0.5967033542963545,-1.89577216064866
4.784784784784785,-0.3944614402220324,-0.9189124942985376,-0.5465889230897444,-1.9072733742185868
4.794794794794795,-0.38294707487684976,-0.9237702841308896,-0.4961141571733466,-1.9173462558031606
4.804804804804805,-0.3703972207696365,-0.9288734568530469,-0.44538102047550077,-1.926058208933458
4.814814814814815,-0.35680222388539007,-0.9341799468145524,-0.3944693430690524,-1.9334702890736997
4.824824824824825,-0.3421382548570913,-0.9396496232976119,-0.3434712099241604,-1.939648734912612
4.834834834834835,-0.32638494788424705,-0.9452369363258069,-0.292471197690829,-1.9446616996511001
4.844844844844845,-0.30952740750000163,-0.9508905215671928,-0.24154529022093368,-1.948577061383309
4.854854854854855,-0.2915566415351281,-0.956553566078114,-0.1907613339243441,-1.9514607506755755
4.864864864864865,-0.2724700186228463,-0.962164273371063,-0.14017972858632033,-1.953375289836302
4.874874874874875,-0.2522717389985818,-0.9676564316443267,-0.08985431253783455,-1.95437857063882
4.884884884884885,-0.2309733056583412,-0.9729600876054775,-0.03983339791049925,-1.9545228903166165
4.894894894894895,-0.2085939814592242,-0.9780023266327074,0.00983909017454368,-1.9538542586473122
4.904904904904905,-0.1851612165458573,-0.9827081580445225,0.05912241729020193,-1.9524119820237054
4.914914914914915,-0.16071102963941947,-0.9870015020010039,0.10797783255948962,-1.9502285236995522
4.924924924924925,-0.13528811165790594,-0.9908063013748136,0.1563675978581659,-1.94732966601714
4.934934934934935,-0.10893570537148502,-0.9940487976428607,0.20425577814783996,-1.9437387968799613
4.944944944944945,-0.08169137524530885,-0.996657674033833,0.2516030261003593,-1.9394804792478524
4.954954954954955,-0.053599641946230715,-0.9985625059971137,0.29837179384401186,-1.9345732475956037
4.964964964964965,-0.024712916826781152,-0.9996945892330881,0.34452710364566047,-1.929028655799848
4.974974974974975,0.004908472584873899,-0.9999879533758812,0.3900356505381327,-1.9228514626781825
4.984984984984985,0.03519635309571346,-0.9993804164224762,0.4348650649589404,-1.9160400701422136
4.994994994994995,0.06607488143631941,-0.9978146671818251,0.4789833655381137,-1.908587187494531
5.005005005005005,0.09746083228633669,-0.9952393612443463,0.5223586249235541,-1.9004806913945003
5.015015015015015,0.1292640039778001,-0.9916102143864933,0.5649588638799979,-1.891704647796013
5.025025025025025,0.16138774461538052,-0.9868910759997583,0.6067521810182686,-1.8822404596414393
5.035035035035035,0.19372959849967122,-0.9810549641407235,0.6477071175662048,-1.8720681021932413
5.045045045045045,0.22618206958309006,-0.9740850432067573,0.6877932487294531,-1.861167406511938
5.055055055055055,0.25863349529040697,-0.9659755251112044,0.7269819855450346,-1.8495193506661178
5.065065065065065,0.29096902047404805,-0.9567324752115259,0.7652475638268457,-1.8371073177162107
5.075075075075075,0.3230724816350416,-0.9463742238724466,0.802567742191487,-1.823918692890346
5.085085085085085,0.3548333521663251,-0.9349295653632999,0.8389216172317344,-1.8099487375109518
5.095095095095095,0.3861311270144023,-0.9224439022241882,0.8742990092026877,-1.7951936480275337
5.105105105105105,0.4168491373910365,-0.9089756854043725,0.9086944674452451,-1.7796582747007628
5.115115115115115,0.44687936918711463,-0.8945942261131169,0.9421061789414262,-1.7633579494007359
5.125125125125125,0.47612311231058063,-0.8793786339931658,0.9745368623637671,-1.746317924692301
5.135135135135135,0.5044914714182357,-0.863416675346419,1.0059944558447786,-1.7285725899717947
5.145145145145145,0.5319057301032931,-0.846803574793637,1.0364925944336196,-1.7101645053118582
5.155155155155155,0.558297564411062,-0.8296407834555122,1.066050877918594,-1.6911432922284826
5.165165165165165,0.5836091052018345,-0.8120347359106715,1.0946949337946545,-1.6715644188254564
5.175175175175175,0.6077928522745399,-0.794095616864858,1.1224562836586185,-1.651487914705214
5.185185185185185,0.6308116485892655,-0.7759359922081801,1.149371895793156,-1.630977084799548
5.195195195195195,0.6526504433829533,-0.7576591573735743,1.1754745508105748,-1.6100997433926296
5.205205205205205,0.6733091323360243,-0.7393610838507192,1.2007927595112005,-1.588926280326022
5.215215215215215,0.6927928702900987,-0.7211366298248941,1.2253578585732456,-1.5675257443903945
5.225225225225225,0.7111144401780981,-0.7030762782018677,1.2492018013284623,-1.545965352618091
5.235235235235235,0.7282934350300545,-0.6852654029586813,1.2723563438844216,-1.524309830393203
5.245245245245245,0.7443554263358164,-0.6677836470627482,1.294852243015375,-1.5026209095430907
5.255255255255255,0.7593311352604348,-0.6507044083330765,1.3167184868702981,-1.4809569845201924
5.265265265265265,0.7732556217727519,-0.6340944278235181,1.3379815776862394,-1.4593729230707877
5.275275275275275,0.7861675051121083,-0.6180134738869397,1.358664883580333,-1.4379200244443862
5.285285285285285,0.7981082272475997,-0.6025141140253014,1.378788074149862,-1.4166461152398253
5.295295295295295,0.8091223224272385,-0.5876402533437886,1.398365443844729,-1.3955960342267355
5.305305305305305,0.8192579799997092,-0.573425114733211,1.417403636349985,-1.3748125202926555
5.315315315315315,0.8285534115207446,-0.5599100322885238,1.4359188871420572,-1.3543325766711065
5.325325325325325,0.8370448243972652,-0.5471343180150112,1.4539278092139685,-1.3341891973237128
5.335335335335335,0.8447676344781604,-0.5351332952995667,1.4714452446190498,-1.3144119187380023
5.345345345345345,0.8517561629214909,-0.5239383922993797,1.488484004672495,-1.2950270094758416
5.355355355355355,0.8580433631557377,-0.5135772453530149,1.5050546463817507,-1.2760576709235523
5.365365365365365,0.8636605784677426,-0.5040738092787248,1.5211652858726454,-1.2575242454325526
5.375375375375375,0.8686373304807673,-0.4954484716852462,1.5368214492593752,-1.2394444282683819
5.385385385385385,0.8730011385522678,-0.4877181687065227,1.5520259611162532,-1.2218334800452442
5.395395395395395,0.8767773699207823,-0.48089649987787997,1.5667788704460497,-1.2047044366075619
5.405405405405405,0.8799891202623394,-0.4749938401915481,1.5810774138017927,-1.1880683136246795
5.415415415415415,0.8826571241759749,-0.4700174476989102,1.594916015003517,-1.1719343034853482
5.425425425425425,0.884799695001851,-0.4659715653606254,1.608286320695872,-1.1563099624108544
5.435435435435435,0.8864326932803337,-0.4628575161794112,1.6211772708136318,-1.141201386045879
5.445445445445445,0.887569523082221,-0.46067379097968947,1.6335752028569384,-1.1266133721309093
5.455455455455455,0.8882211553751188,-0.45941612851976477,1.6454639887233773,-1.1125495692060472
5.465465465465465,0.8883961775347332,-0.4590775879322304,1.65682520269687,-1.0990126106402927
5.475475475475475,0.8881008680587423,-0.459648613783734,1.6676383190510315,-1.086004233619977
5.485485485485485,0.8873392954913423,-0.46111709432304543,1.6778809375847268,-1.0735253830620983
5.495495495495495,0.8861134405152635,-0.463468413743809,1.6875290352679615,-1.0615763007401098
5.505505505505505,0.8844233401121786,-0.4666854995227704,1.6965572420353627,-1.0501566002184468
5.515515515515515,0.8822672526296009,-0.47074886610316546,1.7049391386211936,-1.0392653284848945
5.525525525525525,0.879641842520801,-0.4756366563739703,1.7126475741835008,-1.0289010154439269
5.535535535535535,0.8765423834426934,-0.48132468254661764,1.7196550013155312,-1.0190617126864527
5.545545545545545,0.872962978304503,-0.48778646814946797,1.7259338258904688,-1.0097450231789638
5.555555555555555,0.8688966726755892,-0.4949935072435698,1.7314569056167595,-1.0009478970342645
5.565565565565565,0.8643350483674649,-0.5029164186657781,1.7361988608375913,-0.9926648158097158
5.575575575575575,0.8592753804300692,-0.5115132653086915,1.740129613621345,-0.9849008653459226
5.585585585585585,0.8537161726088477,-0.5207386068135339,1.7432203273016105,-0.9776656893817632
5.595595595595595,0.8476555614963127,-0.5305469338940437,1.7454457859902406,-0.9709702675210696
5.605605605605605,0.8410915682775555,-0.540892756258024,1.7467846382302044,-0.9648267877296036
5.615615615615615,0.8340223291152262,-0.5517306902259591,1.7472195833420412,-0.9592485117658349
5.625625625625625,0.826446304399443,-0.5630155468053286,1.7467375005094308,-0.954249638318898
5.635635635635635,0.8183624671423797,-0.5747024207123522,1.7453295210473945,-0.949845168176111
5.645645645645645,0.809770470849312,-0.5867467805966077,1.7429910446772015,-0.9460507752645557
5.655655655655655,0.8006707972492041,-0.5991045605170469,1.7397217009891874,-0.9428826869083586
5.665665665665665,0.791064884319459,-0.6117322525391651,1.735525257602827,-0.9403575761182235
5.675675675675675,0.780955235091744,-0.6245870001711522,1.7304094768277793,-0.9384924681857285
5.685685685685685,0.7703455077789714,-0.6376266922304608,1.724385922886331,-0.9373046632956978
5.6956956956956954,0.7592405878173645,-0.6508100566299992,1.7174697219738697,-0.9368116762996688
5.7057057057057055,0.7476466424716538,-0.6640967534936932,1.7096792776080325,-0.9370311942162872
5.7157157157157155,0.7355711587052005,-0.6774474669530388,1.701035943848605,-0.9379810514445588
5.7257257257257255,0.7230229650695081,-0.6908239949379993,1.691563659059962,-0.9396792220972647
5.7357357357357355,0.7100122384183127,-0.7041893362556814,1.6812885429380668,-0.9421438282881919
5.7457457457457455,0.6965504962994075,-0.7175077742471151,1.6702384595383322,-0.9453931626414451
5.7557557557557555,0.6826505759216731,-0.730744956324577,1.6584425490238908,-0.9494457227367713
5.7657657657657655,0.6683247821745121,-0.7438696025052987,1.6459295594792318,-0.9543188823591136
5.7757757757757755,0.6535736054631606,-0.7568629613357262,1.6327193472910757,-0.9600220523463472
5.7857857857857855,0.6384003435248552,-0.769704489649987,1.6188314579521896,-0.9665669539817514
5.7957957957957955,0.6228111974817875,-0.7823721699365985,1.6042858555366748,-0.9739641728909022
5.8058058058058055,0.6068143045087185,-0.794843632322484,1.5891020562403808,-0.9822223205395716
5.8158158158158155,0.5904198093488158,-0.8070963069724133,1.5732988650064594,-0.9913482050617913
5.8258258258258255,0.5736399275892624,-0.8191075835782414,1.5568941138360708,-1.0013470009064545
5.8358358358358355,0.5564889998083621,-0.8308549771724839,1.5399044019700097,-1.0122224130347268
5.8458458458458455,0.5389835357614446,-0.8423162993662722,1.5223448382085945,-1.02397683126422
5.8558558558558556,0.5211422478461482,-0.8534698339776655,1.504228785777583,-1.0366114702540346
5.865865865865866,0.5029860731787855,-0.8642945158845944,1.4855676103492135,-1.0501264905601038
5.875875875875876,0.48453818372240687,-0.8747701118093777,1.4663704320905953,-1.0645210961658966
5.885885885885886,0.4658239840334101,-0.8848774016208355,1.4466438829363084,-1.0797936039132785
5.895895895895896,0.446871096336377,-0.89459835862756,1.4263918706666385,-1.0959414803264278
5.905905905905906,0.42770933279508744,-0.9039163272338768,1.4056153518144516,-1.1129613414430155
5.915915915915916,0.4083706550199004,-0.9128161962403042,1.3843121159179261,-1.130848911446595
5.925925925925926,0.3888891210360187,-0.9212845659945861,1.3624765841773803,-1.1495989361379648
5.935935935935936,0.369300820131315,-0.929309907539104,1.340099626154805,-1.1692050475969347
5.945945945945946,0.34964379620378755,-0.936882711856828,1.3171683987653742,-1.1896595767753644
5.955955955955956,0.32995796043436787,-0.9439956272917752,1.2936662124404243,-1.2109533112333153
5.965965965965966,0.310284994317427,-0.9506435832116231,1.269572429978652,-1.2330751957880328
5.975975975975976,0.2906697792346584,-0.9568234316945186,1.244864347745413,-1.256010205173185
5.985985985985986,0.2711672627038332,-0.9625322413497173,1.2195250185422553,-1.279734963502463
5.995995995995996,0.2518366627996972,-0.9677697532315792,1.1935361877438146,-1.3042248092495021
6.006006006006006,0.2327386765052852,-0.9725393094670097,1.1668757664290779,-1.329453721096336
6.016016016016016,0.21393531011935765,-0.9768478300554976,1.139517878815342,-1.355393611337159
6.026026026026026,0.1954897005243505,-0.9807057545405247,1.1114329385158066,-1.38201359744635
6.036036036036036,0.17746594397405116,-0.9841269423856858,1.0825877938345667,-1.4092791938263647
6.046046046046046,0.15992893590713791,-0.9871285303645168,1.0529459536884627,-1.437151425285374
6.056056056056056,0.142944225194538,-0.9897307454472318,1.0224679061086055,-1.465585864902061
6.066066066066066,0.12657788604696946,-0.9919566718178171,0.991111541499079,-1.4945316001525013
6.076076076076076,0.11089641053804174,-0.9938319707726141,0.9588326928918918,-1.5239301325011112
6.086086086086086,0.0959666243320123,-0.9953845523285553,0.9255858053084454,-1.5537142170930136
6.096096096096096,0.0818556277378062,-0.9966441973982739,0.8913247459882676,-1.58380665072684
6.106106106106106,0.06863076363605292,-0.997642129364399,0.8560037666416294,-1.614119017931992
6.116116116116116,0.05635961313707944,-0.9984105338021223,0.8195786279862696,-1.6445504067186851
6.126126126126126,0.04511000399015308,-0.9989820256340993,0.7820078844231443,-1.6749861038861207
6.136136136136136,0.03494313900633095,-0.9993893020421942,0.7432457527992916,-1.7052982248460218
6.146146146146146,0.025929836442364282,-0.9996637652641374,0.7032460054088098,-1.7353558253386072
6.156156156156156,0.018141082400092372,-0.99983543702419,0.6619664035289899,-1.765007937754105
6.166166166166166,0.0116355184876749,-0.9999323050634593,0.61936549099801,-1.794076045523955
6.176176176176176,0.0064595618150562915,-0.9999791368129425,0.5754062214393677,-1.8223535640067468
6.186186186186186,0.0026475348798423743,-0.9999964952733884,0.5300597696412015,-1.8496060141842992
6.196196196196196,0.0002217880762307839,-0.9999999754050243,0.48330944371172163,-1.8755719695737536
6.206206206206206,-0.0008071995400135547,-0.9999996742143983,0.43515460115681115,-1.8999648448366742
6.216216216216216,-0.0004384923084784809,-0.9999999038622431,0.3856140968053885,-1.9224766777912565
6.226226226226226,0.0013018325719788431,-0.9999991526156182,0.3347298813950536,-1.9427747018626471
6.236236236236236,0.004293805543782452,-0.9999907815744864,0.28258524069223157,-1.9604874640898486
6.246246246246246,0.008373227248990197,-0.999964943918254,0.22931016936934445,-1.9752530385890066
6.256256256256256,0.013340076338644436,-0.9999110172226723,0.1750809820465872,-1.9867442753877862
6.266266266266266,0.01895850369435647,-0.9998202714176538,0.12011723904147681,-1.9946905696289188
6.276276276276276,0.024956876293257366,-0.9996885286556424,0.06467519620693907,-1.9988994448606419
6.286286286286286,0.03102787580828279,-0.9995185195497008,0.009037772565768792,-1.999276707992978
6.296296296296296,0.036828635513439276,-0.9993215956869032,-0.04649870370707203,-1.9958438255134283
6.306306306306306,0.04200736931548394,-0.9991173008827304,-0.1016432239580119,-1.9887457700832545
6.316316316316316,0.046312036974168934,-0.9989270219747303,-0.1561473971963044,-1.9782176721472782
6.326326326326326,0.04954390437137527,-0.9987719467123813,-0.20980758128248525,-1.964554948679767
6.336336336336336,0.05154436738752507,-0.998670705583487,-0.26245995638748987,-1.9480922582409963
6.346346346346346,0.05219523049089955,-0.9986368999361088,-0.31398185025180325,-1.9291820871993348
6.356356356356356,0.05141856961730224,-0.9986771904366849,-0.36429006907341016,-1.90817503414931
6.366366366366366,0.04917665467250328,-0.998790096384231,-0.4133366402245217,-1.885402442363858
6.376376376376376,0.045471955423841574,-0.9989656156594842,-0.4611025029471953,-1.8611618335392024
6.386386386386386,0.040339741509141304,-0.999186021346864,-0.5075879414700495,-1.8357117258085114
6.396396396396396,0.03381604166814113,-0.9994280741133393,-0.5527996273202718,-1.80929353015976
6.406406406406406,0.02594777296106139,-0.999663299855687,-0.5967554354177406,-1.7821214228723417
6.416416416416417,0.016786421996051577,-0.9998590980916113,-0.6394820478256653,-1.7543865631436546
6.426426426426427,0.0063874873687972625,-0.9999795997944725,-0.681012257309489,-1.726258878733523
6.436436436436437,-0.005189330820485973,-0.9999865353321692,-0.7213826589581847,-1.6978884745263847
6.446446446446447,-0.017879959146343397,-0.9998401407529731,-0.760631567192492,-1.6694072014308863
6.456456456456457,-0.031615808029045914,-0.9995000953890252,-0.7987971608017487,-1.6409303503332753
6.466466466466467,-0.04632734359358278,-0.9989263122150512,-0.8359185888727735,-1.6125594806295829
6.476476476476477,-0.061948933417892794,-0.9980793203189742,-0.8720362081104844,-1.5843886306502442
6.486486486486487,-0.07841125596849462,-0.9969210976488777,-0.9071869565523399,-1.5565020463254355
6.496496496496497,-0.09564540179632466,-0.9954154695981069,-0.9414087247398026,-1.5289737153066763
6.506506506506507,-0.11358302353385623,-0.9935285082799121,-0.9747394815064332,-1.501868507583651
6.516516516516517,-0.13215639408722613,-0.9912288774555863,-1.007216430484274,-1.4752432705275251
6.526526526526527,-0.1512984925463751,-0.9884881214021717,-1.038875301824678,-1.4491478739651098
6.536536536536537,-0.17094311458452588,-0.9852808998332109,-1.0697497678199666,-1.423626197629031
6.546546546546547,-0.19102500375898093,-0.9815851710060015,-1.0998709706846281,-1.3987170547106462
6.556556556556557,-0.21147999988455526,-0.9773823252181454,-1.1292671505748815,-1.374455046552327
6.566566566566567,-0.2322452005182352,-0.9726572710036381,-1.157963361961146,-1.3508713447433087
6.576576576576577,-0.2532591315583864,-0.9673984764730054,-1.1859812666896077,-1.3279943980199027
6.586586586586587,-0.2744597354889027,-0.9615985927586217,-1.2133375911660438,-1.3058490424592628
6.596596596596597,-0.2957859119403842,-0.955254256361936,-1.2400466747108334,-1.284452694833581
6.606606606606607,-0.31718979124204383,-0.9483620808171469,-1.2661285526478108,-1.263822422384338
6.616616616616617,-0.3386255120773879,-0.9409212308000744,-1.2915997315648202,-1.24397260761978
6.626626626626627,-0.36004855599517677,-0.932933565333453,-1.3164725469685106,-1.2249149851029997
6.636636636636637,-0.38141587966026924,-0.9244035518879096,-1.3407551720920767,-1.2066589716701328
6.646646646646647,-0.4026860405579557,-0.9153381630521894,-1.3644516838393306,-1.189211943110747
6.656656656656657,-0.4238193146188615,-0.9057467574084924,-1.3875621799134252,-1.1725794570422223
6.666666666666667,-0.44477780441359116,-0.8956409463066242,-1.4100829415607175,-1.1567654227491198
6.676676676676677,-0.4655255367564312,-0.885034448271725,-1.4320066367876838,-1.1417722197086135
6.686686686686687,-0.48602854875230733,-0.8739429328038107,-1.4533225593602062,-1.1276007673804038
6.696696696696697,-0.5062549615176044,-0.8623838553328842,-1.4740168993504068,-1.114250549602093
6.706706706706707,-0.5261750410003943,-0.8503762850810419,-1.4940730414390186,-1.1017195975978313
6.716716716716717,-0.5457612455162963,-0.8379407275532685,-1.5134718875957622,-1.0900044361789805
6.726726726726727,-0.5649882598000806,-0.8250989433322992,-1.5321922011333935,-1.0790999981909464
6.736736736736737,-0.5838330155479633,-0.8118737647911599,-1.5502109694525137,-1.0689995126408354
6.746746746746747,-0.6022746985893729,-0.7982889122611437,-1.5675037830559075,-1.0596943722268741
6.756756756756757,-0.6202947429781462,-0.7843688111046202,-1.5840452286077107,-1.0511739861833256
6.766766766766767,-0.6378768124303006,-0.7701384110429496,-1.5998092939412176,-1.0434256244544975
6.776776776776777,-0.6550067696576984,-0.7556230089817189,-1.6147697829793226,-1.036434259218948
6.786786786786787,-0.6716726342533831,-0.7408480764604313,-1.628900738525544,-1.0301824097005863
6.796796796796797,-0.687864529874664,-0.7258390927335807,-1.642176870815809,-1.0246499960276731
6.806806806806807,-0.7035746068745699,-0.7106213988906431,-1.6545739617040272,-1.0198142628347453
6.816816816816817,-0.7187894953483449,-0.6952277766148816,-1.6660600275448412,-1.0156626979829602
6.826826826826827,-0.733485270625928,-0.679705346289706,-1.6765987107997105,-1.0121764562580364
6.836836836836837,-0.7476403988098859,-0.664103782602836,-1.6861609272120317,-1.009327214263778
6.846846846846847,-0.7612359672360177,-0.6484749819277877,-1.6947220635680385,-1.0070885733528834
6.856856856856857,-0.7742557165148757,-0.6328728825317423,-1.7022625421713924,-1.0054360738629788
6.866866866866867,-0.7866860430459377,-0.6173532778537141,-1.7087682994084106,-1.0043472216067018
6.876876876876877,-0.7985159703233464,-0.6019736249525925,-1.7142311754738084,-1.003801527239439
6.886886886886887,-0.8097370875340253,-0.5867928502222179,-1.7186492127765094,-1.0037805581791686
6.896896896896897,-0.8203434541352748,-0.5718711544197752,-1.722026861057234,-1.0042680018662016
6.906906906906907,-0.8303314692857341,-0.5572698189511021,-1.7243750878161797,-1.0052497383280614
6.916916916916917,-0.8396997051871706,-0.543051015198921,-1.7257113932591976,-1.0067139192572003
6.926926926926927,-0.848448703571531,-0.529277618464817,-1.726059729611011,-1.0086510501169386
6.936936936936937,-0.8565807347351687,-0.516013027820576,-1.7254503252989775,-1.0110540711629228
6.946946946946947,-0.8640995186779681,-0.5033209928271459,-1.7239194151644126,-1.013918432701299
6.956956956956957,-0.8710099080479132,-0.4912654476781017,-1.7215088784938173,-1.0172421593968404
6.966966966966967,-0.8773176030522911,-0.47991022428635816,-1.7182657459274442,-1.0210259429592046
6.976976976976977,-0.8830367039227937,-0.4693039308648166,-1.714235978576422,-1.0252785398311635
6.986986986986987,-0.8881873168012069,-0.45948154508475364,-1.7094616400583675,-1.0300150550195277
6.996996996996997,-0.89278738982494,-0.4504782753580584,-1.7039855994928255,-1.0352495679431315
7.007007007007007,-0.8968543109707947,-0.44232606173851097,-1.6978501972958895,-1.040995912399354
7.017017017017017,-0.9004045796045691,-0.43505355190725553,-1.6910966820973967,-1.047267566003202
7.027027027027027,-0.903453505549095,-0.4286860894769638,-1.683764683146077,-1.0540775397840585
7.037037037037037,-0.9060149378449301,-0.4232457116166061,-1.67589172204038,-1.061438266537825
7.047047047047047,-0.9081010250598501,-0.4187511531748295,-1.6675127670031396,-1.0693614867837102
7.057057057057057,-0.9097220087060384,-0.4152178547170757,-1.6586598323292936,-1.0778581314483213
7.067067067067067,-0.9108860510482301,-0.41265797218248584,-1.649361625081776,-1.0869382006897623
7.077077077077077,-0.9115990983313771,-0.4110803862037451,-1.6396432405936778,-1.096610638575988
7.087087087087087,-0.9118647802208345,-0.4104907095085214,-1.6295259078553221,-1.1068832036398093
7.097097097097097,-0.911684346028674,-0.41089129122709445,-1.6190267854217613,-1.1177623356428612
7.107107107107107,-0.9110566380927568,-0.4122812173591268,-1.608158808066786,-1.1292530191878318
7.117117117117117,-0.9099781024761826,-0.41465630709522083,-1.596930584029942,-1.1413586451175584
7.127127127127127,-0.9084431127625404,-0.41800850574396947,-1.585345744906669,-1.1540810745823622
7.137137137137137,-0.9064518371769448,-0.4223092076648834,-1.5733862731528334,-1.1674256134093304
7.147147147147147,-0.9039897873015242,-0.4275540485769547,-1.5610576399645033,-1.1813854866298272
7.157157157157157,-0.9010332087807141,-0.433750108558292,-1.5483768727209166,-1.1959483641037072
7.167167167167167,-0.8975558316007107,-0.4409008155578265,-1.535357462182751,-1.2111014907242992
7.177177177177177,-0.8935288455292582,-0.44900579306636024,-1.5220091072467865,-1.2268313266093696
7.187187187187187,-0.8889209158734255,-0.4580607004783868,-1.5083375121102969,-1.2431231695254867
7.197197197197197,-0.8836982413808032,-0.4680570672262899,-1.4943442395186586,-1.2599607639964354
7.207207207207207,-0.8778246559127484,-0.4789821222881549,-1.4800266231002066,-1.2773259020694943
7.217217217217217,-0.8712617752860057,-0.49081862120897346,-1.4653777411260047,-1.2951980212025367
7.227227227227227,-0.8639691904043382,-0.5035446733231048,-1.4503864533671205,-1.3135538051847395
7.237237237237237,-0.8559047074781265,-0.5171335724131462,-1.4350375020552941,-1.332366794408693
7.247247247247247,-0.847024635751254,-0.5315536345755294,-1.4193116772808956,-1.351607012165824
7.257257257257257,-0.837284122715908,-0.546768047573971,-1.403186046480565,-1.3712406139334954
7.267267267267267,-0.8266375362934093,-0.5627347364351718,-1.386634246971758,-1.3912295668532195
7.277277277277277,-0.8150388928906236,-0.5794062504630293,-1.3696268397786984,-1.4115313667565288
7.287287287287287,-0.8024423296066812,-0.5967296772035077,-1.3521317222609361,-1.4320988001685573
7.297297297297297,-0.7888026181656278,-0.6146465891673449,-1.3341145963000756,-1.4528797586990065
7.307307307307307,-0.7740757173918154,-0.6330930292969166,-1.3155394880221267,-1.4738171131049191
7.317317317317317,-0.7582193602336668,-0.6519995412320847,-1.2963693142344008,-1.4948486540684263
7.327327327327327,-0.7411936704882173,-0.6712912503736392,-1.2765664899412232,-1.5159071063643608
7.337337337337337,-0.7229618034969529,-0.6908880015490451,-1.2560935704791072,-1.536920222587042
7.347347347347347,-0.7034906041894173,-0.7107045587423853,-1.2349139209892526,-1.5578109619536122
7.357357357357357,-0.6827512749643606,-0.7306508718495722,-1.2129924051361654,-1.5784977588958875
7.367367367367367,-0.66072004504116,-0.7506324147549235,-1.190296084201433,-1.5988948851892326
7.377377377377377,-0.6373859660922604,-0.7705446970998087,-1.1667858848646273,-1.618917095285777
7.387387387387387,-0.6127784461727793,-0.7902547538016297,-1.1423896341664683,-1.6384952795677084
7.397397397397397,-0.586930784010606,-0.8096371130208245,-1.1170559463172856,-1.6575565150215787
7.407407407407407,-0.559889272726942,-0.8285674397931022,-1.0907406335411696,-1.6760323846266232
7.4174174174174174,-0.5317158912992822,-0.8469227892433937,-1.0634049202758948,-1.6938624426224917
7.4274274274274275,-0.5024888441934632,-0.8645836925718166,-1.0350161273429495,-1.7109965307905117
7.4374374374374375,-0.47230286920119247,-0.8814363276745072,-1.0055480547753075,-1.7273970667528804
7.4474474474474475,-0.44126629306647974,-0.8973762079548173,-0.9749829667780248,-1.7430395642629195
7.4574574574574575,-0.4094971402144208,-0.9123114008693584,-0.9433120135703053,-1.7579127732571052
7.4674674674674675,-0.37712143878910376,-0.9261638194216163,-0.9105347252975753,-1.772018573960616
7.4774774774774775,-0.3442678211171502,-0.9388714860635878,-0.8766605971857269,-1.7853689355517681
7.4874874874874875,-0.3110660120313316,-0.9503883080924993,-0.8417071437065333,-1.797984903988484
7.4974974974974975,-0.2776453564692284,-0.9606836399309999,-0.805697917894309,-1.8098953287179662
7.5075075075075075,-0.2441333315264325,-0.9697416751062136,-0.7686605828702252,-1.821135334113447
7.5175175175175175,-0.21065044568832245,-0.9775614506164363,-0.7306264006797173,-1.8317423484541173
7.5275275275275275,-0.17730941324609997,-0.9841551564536578,-0.691630994266692,-1.841752562755985
7.5375375375375375,-0.14421863829125406,-0.9895458475328045,-0.6517112557279202,-1.8512019525116306
7.5475475475475475,-0.11148118435881749,-0.9937665447850191,-0.6109039992314726,-1.8601249302033596
7.5575575575575575,-0.07919401943760138,-0.9968592213975436,-0.5692452317399816,-1.868552865587386
7.5675675675675675,-0.0474473852769061,-0.9988737385828025,-0.5267697010869712,-1.8765126834607495
7.5775775775775776,-0.01632429257109843,-0.9998667498582264,-0.4835107311550562,-1.8840255769946397
7.587587587587588,0.014099859402087824,-0.9999005920414495,-0.439500345168404,-1.8911058739005777
7.597597597597598,0.043757542796276784,-0.9990421800146538,-0.3947696692075834,-1.8977600914485595
7.607607607607608,0.07258924729058132,-0.997361920858114,-0.3493495991435141,-1.903986214526591
7.617617617617618,0.10055154512203136,-0.9949318503161773,-0.3032690470546983,-1.9097700487611458
7.627627627627628,0.12759749159505082,-0.991826033202724,-0.2565578983147859,-1.915094486255909
7.637637637637638,0.1536625195610279,-0.988123388085798,-0.20924949417045785,-1.9199467996232835
7.647647647647648,0.178690339096931,-0.983905362681505,-0.1613742950516136,-1.924307428077693
7.657657657657658,0.20263312010173032,-0.9792547261248412,-0.11296090725396926,-1.9281490352538453
7.667667667667668,0.22545124572945874,-0.974254451259544,-0.0640373542553817,-1.9314359128846723
7.677677677677678,0.24711298393414133,-0.968986673371293,-0.014632465294664776,-1.934123616922834
7.687687687687688,0.26759409278435586,-0.9635317335235605,0.03522265641305736,-1.936158854037244
7.697697697697698,0.2868773754399685,-0.9579673123132518,0.08549312663979938,-1.9374796319576713
7.707707707707708,0.30495220049559474,-0.9523676576894528,0.13613877761186569,-1.938015682216606
7.717717717717718,0.32181400283675626,-0.9468029085180211,0.18711270506567493,-1.937689158487606
7.727727727727728,0.3374637792811689,-0.9413385138584688,0.23835991091278866,-1.936415607994608
7.737737737737738,0.351907592145765,-0.9360347464651992,0.28981608756722144,-1.9341052074343499
7.747747747747748,0.36515609254550674,-0.9309463078378352,0.3414065890390718,-1.9306642486007275
7.757757757757758,0.37722407374568584,-0.9261220212189695,0.3930456318940982,-1.925996852534248
7.767767767767768,0.3881295159125847,-0.9216048387880039,0.444635913278911,-1.9200070758932095
7.777777777777778,0.3978579981472077,-0.917447008448061,0.4960831378082271,-1.9126112270263684
7.787787787787788,0.4064512137762259,-0.913672485532881,0.5472830125086622,-1.9037060225738172
7.797797797797798,0.41399102590334164,-0.9102809623800219,0.5981118660426477,-1.8931845773018492
7.807807807807808,0.42056153202641683,-0.9072640176815089,0.6484353340869132,-1.8809546925544347
7.817817817817818,0.42624915254744145,-0.9046058036253073,0.6981107941971361,-1.8669421522059546
7.827827827827828,0.4311427708967086,-0.9022837198484234,0.746990260770555,-1.8510936919399854
7.837837837837838,0.43533391054005205,-0.9002690632993594,0.794923677582448,-1.8333795602065561
7.847847847847848,0.4389169343032592,-0.8985276427477501,0.841762530021186,-1.8137955958689487
7.857857857857858,0.44198925178980386,-0.8970203460915975,0.8873636849668854,-1.7923647570710783
7.867867867867868,0.4446515211369901,-0.8957036478381457,0.9315933538599119,-1.7691380480906442
7.877877877877878,0.4470078318935766,-0.8945300432214695,0.9743310644552826,-1.7441948055840573
7.887887887887888,0.4491658563412462,-0.8934483944231111,1.0154735195407065,-1.7176423222104775
7.897897897897898,0.45123695704361855,-0.8924041733418864,1.0549382168668484,-1.6896148035318288
7.907907907907908,0.4533362386976555,-0.8913395843804214,1.0926667038921192,-1.6602716725873257
7.917917917917918,0.45558253237703145,-0.8901935498490938,1.1286273436806078,-1.6297952548074675
7.927927927927928,0.4580918757222485,-0.8889048505870986,1.162817910082201,-1.598384389753166
7.937937937937938,0.460890511770147,-0.8874570052460299,1.1952629989861707,-1.5662036811275044
7.947947947947948,0.46398603286197543,-0.8858425149590676,1.2259914358120436,-1.533413179732345
7.957957957957958,0.46739141918068505,-0.8840504857055762,1.255041684430393,-1.5001730868590029
7.967967967967968,0.47111448738270806,-0.882072071759518,1.2824622083653268,-1.4666359054477738
7.977977977977978,0.47515791326187634,-0.8799005383931864,1.308309607480427,-1.4329450704344666
7.987987987987988,0.47951926811821755,-0.8775313507239323,1.3326467255967325,-1.3992338917338882
7.997997997997998,0.4841910700569747,-0.8749622892885623,1.3555407725537294,-1.3656247964753427
8.008008008008009,0.4891608510927617,-0.8721935919038875,1.3770614988648993,-1.3322288510806364
8.018018018018019,0.4944112405419217,-0.8692281203607014,1.397279455264358,-1.2991455389935367
8.028028028028029,0.4999200647378333,-0.8660715495110786,1.4162643633064502,-1.2664627662988466
8.038038038038039,0.5056604625853068,-0.8627325753546191,1.4340836169520768,-1.2342570650395617
8.048048048048049,0.5116010158698697,-0.8592231378174806,1.4508009289083756,-1.2025939626533468
8.058058058058059,0.5177058925471933,-0.8555586530577047,1.4664751295034542,-1.17152848548706
8.068068068068069,0.5239350004526995,-0.851758249329368,1.4811591201656693,-1.1411057646802525
8.078078078078079,0.5302441479916343,-0.8478449997025551,1.4948989781995625,-1.1113617137009526
8.088088088088089,0.5365964533140645,-0.843838993108737,1.5077397409529465,-1.082335774793404
8.098098098098099,0.542979107748796,-0.8397462048430593,1.5197382747557495,-1.0540859577305777
8.108108108108109,0.5493634051038698,-0.8355835380933982,1.5309414636177652,-1.026645085883873
8.118118118118119,0.5557211262486279,-0.8313687688631061,1.5413933286231054,-1.0000409641599224
8.128128128128129,0.5620255883500774,-0.8271198450283667,1.5511355875091932,-0.9742980008921156
8.138138138138139,0.5682516334952625,-0.8228548359400738,1.5602076826975049,-0.949437601161405
8.148148148148149,0.5743756108808687,-0.8185918748834665,1.568646824154041,-0.9254785179044445
8.158158158158159,0.5803753529229156,-0.8143490957320461,1.5764880434737587,-0.9024371637297053
8.168168168168169,0.586230145691807,-0.8101445650513016,1.5837642560891934,-0.8803278863868926
8.178178178178179,0.5919206941291684,-0.8059962108233782,1.5905063289707173,-0.8591632108149185
8.188188188188189,0.5974290825511589,-0.8019217488770838,1.5967431516137198,-0.8389540506368568
8.198198198198199,0.6027387309868865,-0.7979386080196381,1.602501708496508,-0.819709891883843
8.208208208208209,0.6078343479390869,-0.794063854778358,1.607807151542552,-0.8014389516201493
8.218218218218219,0.6127018801864781,-0.7903141185730865,1.6126828714328827,-0.784148314014225
8.228228228228229,0.6173284602725303,-0.7867055180545939,1.6171505668903792,-0.7678440462602945
8.238238238238239,0.6217023523433978,-0.783253589261285,1.621230311299036,-0.7525312966063489
8.248248248248249,0.6258128970081919,-0.7799732161672055,1.6249406162299291,-0.7382143765907845
8.258258258258259,0.6296504558975803,-0.7768785641192382,1.6282984916234682,-0.7248968294345868
8.268268268268269,0.6332063565919531,-0.7739830165911551,1.631319502526776,-0.7125814863814681
8.278278278278279,0.6364728385782968,-0.7712991156173363,1.6340178224076989,-0.7012705126268568
8.288288288288289,0.6394443135347279,-0.7688374144694706,1.6364074844022387,-0.6909629261321566
8.298298298298299,0.6421161065554075,-0.7666073999787143,1.6385012768633604,-0.6816568709021309
8.308308308308309,0.6444819258457484,-0.764619544125152,1.6403085821981318,-0.6733547069860208
8.318318318318319,0.6465362220387288,-0.762883289626852,1.6418376720364867,-0.6660585839347579
8.328328328328329,0.6482741697423883,-0.7614069876516876,1.6430957641055959,-0.6597704027590128
8.338338338338339,0.6496916286019316,-0.7601978609050211,1.6440890508318864,-0.6544918219932293
8.348348348348349,0.6507851091331511,-0.7592619717400263,1.6448227230199426,-0.6502242618491161
8.358358358358359,0.651551743730022,-0.7586041953761973,1.64530098897285,-0.6469689071412048
8.368368368368369,0.6519892631889186,-0.7582281982928167,1.6455270893696223,-0.6447267095443362
8.378378378378379,0.6520959790284176,-0.7581364218496361,1.6455033081579393,-0.6434983896275569
8.388388388388389,0.6518707718177121,-0.7583300711759888,1.6452309796562923,-0.6432844389994782
8.398398398398399,0.6513130856588208,-0.7588091093612316,1.6447104919904478,-0.64408512279523
8.408408408408409,0.6504229288986315,-0.7595722569729135,1.6439412869164665,-0.6459004826331705
8.418418418418419,0.6492008810769276,-0.7606169969235113,1.6429218560079666,-0.6487303400688816
8.428428428428429,0.6476481060464986,-0.7619395847010334,1.641649733110424,-0.6525743004730437
8.438438438438439,0.645766371131796,-0.7635350639723572,1.6401214828915869,-0.6574317571569049
8.448448448448449,0.6435580721239653,-0.7653972875599214,1.6383326852462017,-0.6633018954626025
8.458458458458459,0.6410262638430372,-0.7675189437814789,1.6362779152467675,-0.6701836964239669
8.468468468468469,0.6381746959332226,-0.769891588128185,1.6339507182717066,-0.6780759394851178
8.478478478478479,0.6350078534952284,-0.7725056802376166,1.6313435798899536,-0.6869772036377413
8.488488488488489,0.6315310021009315,-0.7753506260946678,1.6284478900384345,-0.696885866202061
8.498498498498499,0.6277502366812568,-0.7784148253641024,1.625253900998291,-0.7078000983300766
8.508508508508509,0.6236725337283323,-0.7816857237233402,1.621750678659186,-0.7197178561516225
8.518518518518519,0.6193058062085973,-0.7851498700224813,1.617926046560982,-0.7326368663134414
8.528528528528529,0.6146589605451291,-0.7887929780503763,1.6137665222210384,-0.7465546044782444
8.538538538538539,0.6097419549956403,-0.7925999926306425,1.6092572452960665,-0.7614682651544042
8.548548548548549,0.6045658587279444,-0.7965551597099495,1.6043818971928052,-0.7773747210175721
8.558558558558559,0.599142910877701,-0.8006421000328394,1.5991226118348942,-0.7942704696635867
8.568568568568569,0.5934865788643523,-0.8048438859231565,1.5934598774174813,-0.8121515654984246
8.578578578578579,0.5876067987428497,-0.8091466184018692,1.5873677183439678,-0.8310121995358433
8.588588588588589,0.5815087126114656,-0.8135401755026951,1.5808127162024714,-0.8508431030954101
8.598598598598599,0.5752132612270661,-0.818003486611471,1.5737739513391358,-0.8716369478358513
8.608608608608609,0.5687430116914406,-0.8225152804976634,1.5662285734452464,-0.893385260691639
8.618618618618619,0.5621213574031746,-0.8270547621235322,1.5581509041424662,-0.916078028870609
8.62862862862863,0.555372540128024,-0.8316016724801282,1.5495123696776538,-0.9397034731267087
8.63863863863864,0.5485216650267015,-0.8361363423487435,1.540281443242804,-0.9642477872424257
8.64864864864865,0.5415947087740324,-0.8406397393818419,1.53042360009613,-0.9896948422354882
8.65865865865866,0.5346185209533497,-0.8450935078756983,1.5199012890224288,-1.0160258539841318
8.66866866866867,0.527620818955302,-0.849480000591501,1.508673924039499,-1.043219013195197
8.67867867867868,0.5206301766499591,-0.8537823019724832,1.4966979006281713,-1.0712490769244107
8.68868868868869,0.5136760071342171,-0.8579842421015946,1.4839266411313208,-1.10008692120329
8.6986986986987,0.5067885398819661,-0.8620704007471227,1.4703106743259609,-1.1296990547371033
8.70870870870871,0.4999987926412326,-0.8660261008522259,1.4557977545149936,-1.1600470941180825
8.71871871871872,0.49333853842942543,-0.8698373908382637,1.4403330258031501,-1.1910872015522571
8.72872872872873,0.48684026797384955,-0.8734910151107167,1.4238592375056223,-1.222769486731306
8.73873873873874,0.48053714792867325,-0.8769743721800406,1.4063170168770536,-1.2550373751966275
8.74874874874875,0.47446297517051744,-0.8802754598376243,1.3876452055307937,-1.2878269463448277
8.75875875875876,0.46865212743170265,-0.8833828068588041,1.367781266030048,-1.3210662451145803
8.76876876876877,0.4631395104719497,-0.8862853907403657,1.3466617651586834,-1.3546745723759692
8.77877877877878,0.45796050191500787,-0.8889725410189867,1.324222940303495,-1.3885617601152682
8.78878878878879,0.453137772036908,-0.8914404969224963,1.3003951029926926,-1.4226231539640077
8.7987987987988,0.4486924565491767,-0.8936862309758751,1.2751071660971456,-1.4567481528306088
8.80880880880881,0.44465112275646596,-0.8957038456049043,1.2482927866191558,-1.490817344110868
8.81881881881882,0.4410266375879342,-0.8974940138730068,1.219885627031528,-1.524693084793001
8.82882882882883,0.4378179808996171,-0.8990636326762319,1.1898230039117943,-1.5582210079398746
8.83883883883884,0.43501013035733926,-0.9004255585480072,1.158049630178502,-1.5912322476429832
8.84884884884885,0.43257399280996994,-0.9015984365250641,1.1245213311666913,-1.6235464131418347
8.85885885885886,0.4304663757945712,-0.902606613819269,1.089208604675996,-1.654975323886569
8.86886886886887,0.42862999009523584,-0.9034801224105364,1.052099880036687,-1.685327483687912
8.87887887887888,0.42699347153490436,-0.9042547070746001,1.0132043221679197,-1.7144132339075382
8.88888888888889,0.4254714073329356,-0.9049718678180727,0.9725540248395712,-1.7420504839719488
8.8988988988989,0.42396434938908817,-0.9056788782162732,0.9302054440388114,-1.768070873823752
8.90890890890891,0.42235879381371033,-0.9064287337062014,0.886239938359264,-1.7923261790886267
8.91891891891892,0.4205264098341525,-0.9072802977206098,0.8407640634078475,-1.8146943787877239
8.92892892892893,0.41831689583242293,-0.9083011475612732,0.7939174646653471,-1.8350827899627529
8.93893893893894,0.4155876373194293,-0.9095531406725252,0.7458514121141864,-1.853441820050723
8.94894894894895,0.41221106348090597,-0.9110883816315191,0.6967254535530397,-1.8697601512387614
8.95895895895896,0.4080718266780874,-0.9129498257142115,0.6467049240785239,-1.8840596263161176
8.96896896896897,0.40306657681973934,-0.9151706587575987,0.5959555783030871,-1.8963912420653264
8.97897897897898,0.3971037823816942,-0.9177737117711272,0.5446388922101548,-1.9068305308507512
8.98898898898899,0.3901036268893677,-0.9207709597330712,0.49290815276584254,-1.9154725378253719
8.998998998999,0.3819980046628581,-0.9241631481689773,0.4409054079525224,-1.9224265992868017
9.00900900900901,0.37273063362549946,-0.9279395857258885,0.3887593065956571,-1.927811118295356
9.01901901901902,0.3622572960722805,-0.932078135910504,0.33658381774046126,-1.9317485178416411
9.02902902902903,0.3505462106459059,-0.9365454362719388,0.2844777845675344,-1.9343605309039686
9.03903903903904,0.3375862554334671,-0.9412945979566705,0.2325201480141319,-1.9357598377070344
9.04904904904905,0.3233846925953198,-0.9462675840347858,0.1807785535454657,-1.9360470994347025
9.05905905905906,0.30794079997394613,-0.9514055201182123,0.12932308743566906,-1.9353240699827798
9.06906906906907,0.2912574667673012,-0.9566447031433846,0.07821377100163426,-1.9336873755454174
9.07907907907908,0.2733419502445981,-0.9619169289686504,0.027501548934300957,-1.931227249291091
9.08908908908909,0.25420635762826077,-0.9671500027097001,-0.022770345928074476,-1.9280266366680174
9.0990990990991,0.23386812610535102,-0.9722683269509357,-0.07256493607296727,-1.9241605363969523
9.10910910910911,0.2123504889649884,-0.9771935682536651,-0.12184998983730919,-1.9196955788447911
9.11911911911912,0.18968291517685873,-0.9818454011146606,-0.17059649703510835,-1.9146898389156262
9.12912912912913,0.16590150927211753,-0.9861423270609743,-0.21877716639736752,-1.9091928763187984
9.13913913913914,0.1410493582011964,-0.9900025649214402,-0.2663649796489127,-1.9032459921160503
9.14914914914915,0.11517869529888425,-0.9933447881522542,-0.3133343765591357,-1.8968803697686085
9.15915915915916,0.08834145778557585,-0.9960902503469851,-0.3596631086233345,-1.890121518523196
9.16916916916917,0.06057647052493439,-0.9981635593522445,-0.40532087460657784,-1.8830023377742848
9.17917917917918,0.031928915961987436,-0.9994901421852506,-0.45027911749164495,-1.8755468826266335
9.18918918918919,0.0024515989311022788,-0.999996994826825,-0.4945105278584281,-1.8677692256206129
9.1991991991992,-0.027795008168912623,-0.999613644125014,-0.5379878514254777,-1.859673678477141
9.20920920920921,-0.05874281227345349,-0.9982731499976376,-0.5806829169612472,-1.8512552876291912
9.21921921921922,-0.09031624763128109,-0.9959131364801878,-0.6225659171944241,-1.8425005739312317
9.22922922922923,-0.1224325324151078,-0.9924768385239141,-0.6636049668725509,-1.8333884844079538
9.23923923923924,-0.1550020397069657,-0.9879141499577179,-0.7037659533976065,-1.8238915222776455
9.24924924924925,-0.1879287864544643,-0.9821826567506435,-0.7430126866813805,-1.8139770205863663
9.25925925925926,-0.22111104153139627,-0.9752486387136878,-0.781307346166316,-1.8036085244356972
9.26926926926927,-0.2544420512952387,-0.9670880221224287,-0.8186112144875624,-1.7927472468046661
9.27927927927928,-0.2878108780649428,-0.9576872654825721,-0.8548856791377444,-1.7813535631955735
9.28928928928929,-0.32110334380740707,-0.9470441608476883,-0.8900934758598384,-1.7693885106349028
9.2992992992993,-0.3542030680937307,-0.9351685337697093,-0.9242001404538683,-1.756815256820968
9.30930930930931,-0.38699094018685143,-0.922083516940465,-0.9571753716741003,-1.7436002325887607
9.31931931931932,-0.41933405924610656,-0.9078320035976826,-0.988998083822068,-1.7297096703485917
9.32932932932933,-0.451097253832201,-0.8924747994117519,-1.0196564503090917,-1.7151171518964463
9.33933933933934,-0.4821529394895801,-0.8760870635624962,-1.049145257636767,-1.6998101427353935
9.34934934934935,-0.5123822776178512,-0.8587574754161639,-1.0774674653943808,-1.6837900387465843
9.35935935935936,-0.5416761345299719,-0.8405872740415881,-1.1046355751831225,-1.6670717979012255
9.36936936936937,-0.5699358855788493,-0.8216891664914736,-1.1306727104250425,-1.649683256604084
9.37937937937938,-0.5970740447503037,-0.8021861287042504,-1.1556133908778865,-1.6316641566395131
9.38938938938939,-0.6230149098300402,-0.7822099603875337,-1.179503835343496,-1.6130649873211615
9.3993993993994,-0.6477053601000817,-0.7618909150906207,-1.2023935476930574,-1.5939492150581287
9.40940940940941,-0.6711146307420206,-0.7413535947198215,-1.2243324528502604,-1.5743902333509299
9.41941941941942,-0.6932258686113982,-0.7207204000775699,-1.2453746911913481,-1.5544659714142788
9.42942942942943,-0.7140362308966719,-0.7001087493860326,-1.2655762219507727,-1.5342572003634607
9.43943943943944,-0.7335555753685093,-0.6796294709956119,-1.2849932696305109,-1.513845551724704
9.44944944944945,-0.7518050815212632,-0.6593854103624122,-1.303680745296143,-1.4933118170273145
9.45945945945946,-0.7688158411237838,-0.6394702514090308,-1.3216906946858336,-1.4727345529957134
9.46946946946947,-0.7846274538567797,-0.6199675464524148,-1.3390708186880518,-1.4521890044758048
9.47947947947948,-0.7992857728337516,-0.600951123924028,-1.3558643338383856,-1.431746107918281
9.48948948948949,-0.8128383826919774,-0.5824892819809567,-1.3721129551952562,-1.4114717622248245
9.4994994994995,-0.8253364450262904,-0.5646412600150339,-1.3878524854082834,-1.3914276316449512
9.50950950950951,-0.8368316606849606,-0.5474602923274444,-1.4031163579056836,-1.3716699996796657
9.51951951951952,-0.8473755128029775,-0.5309941057129457,-1.4179356456285603,-1.3522499335948872
9.52952952952953,-0.8570188359911164,-0.5152850810536164,-1.432338702070292,-1.3332135936356386
9.53953953953954,-0.8658114281616498,-0.5003704336436,-1.4463508534185192,-1.3146025723622972
9.54954954954955,-0.8738017053539373,-0.48628240737307266,-1.459994142503925,-1.296454257432156
9.55955955955956,-0.8810363994719353,-0.47304847828264746,-1.47328712472643,-1.2788022114018462
9.56956956956957,-0.8875602984572603,-0.4606915634157621,-1.4862447156258032,-1.2616765624260822
9.57957957957958,-0.8934158056066296,-0.4492306738105237,-1.4988785725453013,-1.2451043056459852
9.58958958958959,-0.8986411468459929,-0.4386844984670857,-1.511200869663221,-1.229108806027323
9.5995995995996,-0.9032713935379265,-0.4290696792084617,-1.5232223974019914,-1.213710203785123
9.60960960960961,-0.9073386644505337,-0.4204004614568374,-1.5349518670380502,-1.1989257776398379
9.61961961961962,-0.910871986526096,-0.4126890162846638,-1.5463959923807948,-1.1847701247068274
9.62962962962963,-0.9138972394973615,-0.40594560674935537,-1.5575594323186897,-1.1712553358998736
9.63963963963964,-0.9164371113706075,-0.40017873619508676,-1.568444737877242,-1.1583911437545946
9.64964964964965,-0.9185110635654777,-0.39539527830743615,-1.5790523026883887,-1.1461850434334462
9.65965965965966,-0.9201353046534416,-0.39160058877677667,-1.5893803158801014,-1.134642387700786
9.66966966966967,-0.9213227717883766,-0.3887985984853634,-1.5994247165091444,-1.1237664566709529
9.67967967967968,-0.9220831190737809,-0.38699188818264346,-1.6091791487769038,-1.1135585031369815
9.68968968968969,-0.9224227122611254,-0.386181744655064,-1.6186349173862928,-1.1040177742849173
9.6996996996997,-0.9223446293226333,-0.3863681984321358,-1.6277809425155376,-1.0951415105911098
9.70970970970971,-0.9218486665891394,-0.38755004310130803,-1.6366037140009264,-1.0869249226897688
9.71971971971972,-0.9209313502895498,-0.3897248363318236,-1.645087244434452,-1.079361146987808
9.72972972972973,-0.9195859534726983,-0.39288888273366585,-1.6532130209928964,-1.0724411807959378
9.73973973973974,-0.9178025184350571,-0.39703719870342963,-1.6609599559217285,-1.066153797741478
9.74974974974975,-0.9155678849187221,-0.4021634594359086,-1.6683043356997582,-1.0604854442317748
9.75975975975976,-0.9128599148278418,-0.4082729184020236,-1.675225176733399,-1.0554198935472923
9.76976976976977,-0.909655303107014,-0.41536397235350875,-1.6816950440326024,-1.0509382311396482
9.77977977977978,-0.9059380944793732,-0.42341016635300843,-1.6876728968076655,-1.0470211819939657
9.78978978978979,-0.9016909142768618,-0.4323811919019571,-1.6931141019792593,-1.0436498218568862
9.7997997997998,-0.89689529019619,-0.4422429631140469,-1.6979711398114876,-1.0408058112454097
9.80980980980981,-0.8915320378409117,-0.4529576420629539,-1.7021943383890599,-1.0384716337574171
9.81981981981982,-0.8855816783567532,-0.4644836821233186,-1.705732659149067,-1.036630838635877
9.82982982982983,-0.8790248845006687,-0.47677589329640613,-1.708534526035573,-1.0352682876946058
9.83983983983984,-0.8718429510021727,-0.4897855334611498,-1.7105486894587143,-1.03437040680971
9.84984984984985,-0.8640182845903636,-0.50346042932243,-1.7117251148247936,-1.033925442281716
9.85985985985986,-0.8555349085838072,-0.5177451305367309,-1.7120158839865778,-1.033923722472815
9.86986986986987,-0.8463789764871192,-0.5325811000783041,-1.7113760965734524,-1.034357925213094
9.87987987987988,-0.8365392886234216,-0.5479069433666812,-1.7097647568314418,-1.0352233515378857
9.88988988988989,-0.8260078054728391,-0.5636586780117416,-1.7071456303666985,-1.0365182063510978
9.8998998998999,-0.8147801511015244,-0.5797700452515439,-1.7034880540760642,-1.0382438865888612
9.90990990990991,-0.8028560998711907,-0.5961728632700593,-1.6987676815963968,-1.0404052773627717
9.91991991991992,-0.7902400395329899,-0.6127974215994211,-1.6929671458391673,-1.043011056367167
9.92992992992993,-0.7769414038476972,-0.6295729147502849,-1.686076619622648,-1.046074006510959
9.93993993993994,-0.7629750680503277,-0.6464279120935279,-1.6780942550894724,-1.0496113362478634
9.94994994994995,-0.7483617008023612,-0.6632908598587781,-1.6690264825144763,-1.0536450063911078
9.95995995995996,-0.7331280667558654,-0.6800906099445921,-1.6588881492714371,-1.0582020612665026
9.96996996996997,-0.7173064492455742,-0.6967578186649264,-1.6477021523739857,-1.0633145476990402
9.97997997997998,-0.7009126695905896,-0.7132471027683134,-1.6354900363511362,-1.06900705770833
9.98998998998999,-0.6839631565044423,-0.7295165526185678,-1.622276995503782,-1.0753013694372382
10.0,-0.666480371533502,-0.7455225780354108,-1.6080930249549485,-1.082220678589339
